prname,pruid,reporting_year,reporting_week,date,numtests_weekly,percentpositivity_weekly,update
British Columbia,59,2022,35,2022-09-03,14523,7.3,1
Alberta,48,2022,35,2022-09-03,6922,18.3,1
Saskatchewan,47,2022,35,2022-09-03,5267,10.1,1
Manitoba,46,2022,35,2022-09-03,2225,23.4,1
Ontario,35,2022,35,2022-09-03,28978,12.7,1
Quebec,24,2022,35,2022-09-03,26510,12.3,1
Newfoundland and Labrador,10,2022,35,2022-09-03,536,25,1
New Brunswick,13,2022,35,2022-09-03,2877,15.9,1
Nova Scotia,12,2022,35,2022-09-03,5006,24.4,1
Prince Edward Island,11,2022,35,2022-09-03,1898,31.6,1
Yukon,60,2022,35,2022-09-03,359,7.8,1
Northwest Territories,61,2022,35,2022-09-03,32,3.1,1
Nunavut,62,2022,35,2022-09-03,170,13.5,1
Canada,1,2022,35,2022-09-03,95303,13.4,
British Columbia,59,2022,36,2022-09-10,13642,7.4,1
Alberta,48,2022,36,2022-09-10,6564,17,1
Saskatchewan,47,2022,36,2022-09-10,4726,10.6,1
Manitoba,46,2022,36,2022-09-10,2080,21.3,1
Ontario,35,2022,36,2022-09-10,25742,12,1
Quebec,24,2022,36,2022-09-10,25632,12.4,1
Newfoundland and Labrador,10,2022,36,2022-09-10,405,20.7,1
New Brunswick,13,2022,36,2022-09-10,2723,21,1
Nova Scotia,12,2022,36,2022-09-10,4662,22.6,1
Prince Edward Island,11,2022,36,2022-09-10,1430,27.6,1
Yukon,60,2022,36,2022-09-10,227,6.6,1
Northwest Territories,61,2022,36,2022-09-10,21,14.3,1
Nunavut,62,2022,36,2022-09-10,148,16.9,1
Canada,1,2022,36,2022-09-10,88002,13.1,
British Columbia,59,2022,37,2022-09-17,15727,6.7,1
Alberta,48,2022,37,2022-09-17,6969,19.6,1
Saskatchewan,47,2022,37,2022-09-17,5432,9.5,1
Manitoba,46,2022,37,2022-09-17,1840,23.3,1
Ontario,35,2022,37,2022-09-17,28069,12.7,1
Quebec,24,2022,37,2022-09-17,26087,12.2,1
Newfoundland and Labrador,10,2022,37,2022-09-17,407,20.4,1
New Brunswick,13,2022,37,2022-09-17,2794,12.1,1
Nova Scotia,12,2022,37,2022-09-17,5161,21,1
Prince Edward Island,11,2022,37,2022-09-17,1426,24.3,1
Yukon,60,2022,37,2022-09-17,229,9.2,1
Northwest Territories,61,2022,37,2022-09-17,48,8.3,1
Nunavut,62,2022,37,2022-09-17,170,20,1
Canada,1,2022,37,2022-09-17,94359,12.7,
British Columbia,59,2022,38,2022-09-24,15532,7,1
Alberta,48,2022,38,2022-09-24,7721,20.4,1
Saskatchewan,47,2022,38,2022-09-24,5348,9.6,1
Manitoba,46,2022,38,2022-09-24,1973,23.4,1
Ontario,35,2022,38,2022-09-24,28977,12.4,1
Quebec,24,2022,38,2022-09-24,26923,13.4,1
Newfoundland and Labrador,10,2022,38,2022-09-24,498,22.3,1
New Brunswick,13,2022,38,2022-09-24,2496,22,1
Nova Scotia,12,2022,38,2022-09-24,4929,23.8,1
Prince Edward Island,11,2022,38,2022-09-24,1422,30,1
Yukon,60,2022,38,2022-09-24,236,7.2,1
Northwest Territories,61,2022,38,2022-09-24,34,35.3,1
Nunavut,62,2022,38,2022-09-24,190,10,1
Canada,1,2022,38,2022-09-24,96279,13.6,
British Columbia,59,2022,39,2022-10-01,11511,9.7,1
Alberta,48,2022,39,2022-10-01,7795,19.7,1
Saskatchewan,47,2022,39,2022-10-01,5067,11.7,1
Manitoba,46,2022,39,2022-10-01,2022,23.9,1
Ontario,35,2022,39,2022-10-01,27909,13.6,1
Quebec,24,2022,39,2022-10-01,29659,13.2,1
Newfoundland and Labrador,10,2022,39,2022-10-01,496,26.2,1
New Brunswick,13,2022,39,2022-10-01,2269,18.7,1
Nova Scotia,12,2022,39,2022-10-01,4745,24.5,1
Prince Edward Island,11,2022,39,2022-10-01,801,26.2,1
Yukon,60,2022,39,2022-10-01,200,8.5,1
Northwest Territories,61,2022,39,2022-10-01,36,8.3,1
Nunavut,62,2022,39,2022-10-01,162,6.8,1
Canada,1,2022,39,2022-10-01,92672,14.4,
British Columbia,59,2022,40,2022-10-08,6525,13,1
Alberta,48,2022,40,2022-10-08,7855,19.5,1
Saskatchewan,47,2022,40,2022-10-08,5120,9.7,1
Manitoba,46,2022,40,2022-10-08,1791,23.3,1
Ontario,35,2022,40,2022-10-08,30640,14.5,1
Quebec,24,2022,40,2022-10-08,31738,13.4,1
Newfoundland and Labrador,10,2022,40,2022-10-08,560,26.4,1
New Brunswick,13,2022,40,2022-10-08,4621,13.9,1
Nova Scotia,12,2022,40,2022-10-08,4832,24.8,1
Prince Edward Island,11,2022,40,2022-10-08,1277,29.1,1
Yukon,60,2022,40,2022-10-08,261,6.1,1
Northwest Territories,61,2022,40,2022-10-08,43,4.7,1
Nunavut,62,2022,40,2022-10-08,192,6.2,1
Canada,1,2022,40,2022-10-08,95455,15.1,
British Columbia,59,2022,41,2022-10-15,6458,13.3,1
Alberta,48,2022,41,2022-10-15,7587,19.1,1
Saskatchewan,47,2022,41,2022-10-15,4632,10,1
Manitoba,46,2022,41,2022-10-15,3222,25.9,1
Ontario,35,2022,41,2022-10-15,28633,17,1
Quebec,24,2022,41,2022-10-15,32472,13.4,1
Newfoundland and Labrador,10,2022,41,2022-10-15,528,26.5,1
New Brunswick,13,2022,41,2022-10-15,2767,25,1
Nova Scotia,12,2022,41,2022-10-15,4922,26.9,1
Prince Edward Island,11,2022,41,2022-10-15,1401,31.5,1
Yukon,60,2022,41,2022-10-15,263,4.9,1
Northwest Territories,61,2022,41,2022-10-15,53,9.4,1
Nunavut,62,2022,41,2022-10-15,153,5.9,1
Canada,1,2022,41,2022-10-15,93091,16.6,
British Columbia,59,2022,42,2022-10-22,6521,11.1,1
Alberta,48,2022,42,2022-10-22,8013,19.5,1
Saskatchewan,47,2022,42,2022-10-22,6779,11.6,1
Manitoba,46,2022,42,2022-10-22,2102,23.3,1
Ontario,35,2022,42,2022-10-22,26742,17.3,1
Quebec,24,2022,42,2022-10-22,32789,12.1,1
Newfoundland and Labrador,10,2022,42,2022-10-22,587,28.3,1
New Brunswick,13,2022,42,2022-10-22,4688,15.6,1
Nova Scotia,12,2022,42,2022-10-22,5150,20.8,1
Prince Edward Island,11,2022,42,2022-10-22,1537,33.2,1
Yukon,60,2022,42,2022-10-22,188,8.5,1
Northwest Territories,61,2022,42,2022-10-22,50,8,1
Nunavut,62,2022,42,2022-10-22,121,5,1
Canada,1,2022,42,2022-10-22,95267,15.4,
British Columbia,59,2022,43,2022-10-29,5991,10.8,1
Alberta,48,2022,43,2022-10-29,8502,17.2,1
Saskatchewan,47,2022,43,2022-10-29,9033,11.8,1
Manitoba,46,2022,43,2022-10-29,2660,28.9,1
Ontario,35,2022,43,2022-10-29,25142,19.6,1
Quebec,24,2022,43,2022-10-29,33446,11.7,1
Newfoundland and Labrador,10,2022,43,2022-10-29,596,31.7,1
New Brunswick,13,2022,43,2022-10-29,2933,20.8,1
Nova Scotia,12,2022,43,2022-10-29,4734,21,1
Prince Edward Island,11,2022,43,2022-10-29,1300,23.5,1
Yukon,60,2022,43,2022-10-29,190,6.3,1
Northwest Territories,61,2022,43,2022-10-29,55,14.5,1
Nunavut,62,2022,43,2022-10-29,174,8,1
Canada,1,2022,43,2022-10-29,94756,15.8,
British Columbia,59,2022,44,2022-11-05,6497,8.6,1
Alberta,48,2022,44,2022-11-05,9118,16.8,1
Saskatchewan,47,2022,44,2022-11-05,6295,9.9,1
Manitoba,46,2022,44,2022-11-05,2297,23.7,1
Ontario,35,2022,44,2022-11-05,23508,16.6,1
Quebec,24,2022,44,2022-11-05,32678,11.3,1
Newfoundland and Labrador,10,2022,44,2022-11-05,476,21.8,1
New Brunswick,13,2022,44,2022-11-05,2908,15.6,1
Nova Scotia,12,2022,44,2022-11-05,4463,18,1
Prince Edward Island,11,2022,44,2022-11-05,1059,22.4,1
Yukon,60,2022,44,2022-11-05,241,11.6,1
Northwest Territories,61,2022,44,2022-11-05,42,9.5,1
Nunavut,62,2022,44,2022-11-05,186,4.8,1
Canada,1,2022,44,2022-11-05,89768,13.9,
British Columbia,59,2022,45,2022-11-12,6651,9.8,1
Alberta,48,2022,45,2022-11-12,9347,15.6,1
Saskatchewan,47,2022,45,2022-11-12,6491,7.9,1
Manitoba,46,2022,45,2022-11-12,2534,23,1
Ontario,35,2022,45,2022-11-12,22024,13.8,1
Quebec,24,2022,45,2022-11-12,31688,10.6,1
Newfoundland and Labrador,10,2022,45,2022-11-12,552,24.3,1
New Brunswick,13,2022,45,2022-11-12,4688,11.2,1
Nova Scotia,12,2022,45,2022-11-12,4106,15,1
Prince Edward Island,11,2022,45,2022-11-12,1167,20,1
Yukon,60,2022,45,2022-11-12,168,9.5,1
Northwest Territories,61,2022,45,2022-11-12,54,9.3,1
Nunavut,62,2022,45,2022-11-12,157,3.2,1
Canada,1,2022,45,2022-11-12,89627,12.4,
British Columbia,59,2022,46,2022-11-19,6640,9.8,1
Alberta,48,2022,46,2022-11-19,10473,14.5,1
Saskatchewan,47,2022,46,2022-11-19,7428,7.2,1
Manitoba,46,2022,46,2022-11-19,2754,18.3,1
Ontario,35,2022,46,2022-11-19,21425,12.6,1
Quebec,24,2022,46,2022-11-19,30792,11.1,1
Newfoundland and Labrador,10,2022,46,2022-11-19,577,24.3,1
New Brunswick,13,2022,46,2022-11-19,4543,10.1,1
Nova Scotia,12,2022,46,2022-11-19,4349,14.6,1
Prince Edward Island,11,2022,46,2022-11-19,1181,18.7,1
Yukon,60,2022,46,2022-11-19,148,4.7,1
Northwest Territories,61,2022,46,2022-11-19,55,25.5,1
Nunavut,62,2022,46,2022-11-19,152,3.9,1
Canada,1,2022,46,2022-11-19,90517,12,
British Columbia,59,2022,47,2022-11-26,7236,10.5,1
Alberta,48,2022,47,2022-11-26,10310,14.5,1
Saskatchewan,47,2022,47,2022-11-26,7187,6.8,1
Manitoba,46,2022,47,2022-11-26,2842,14.1,1
Ontario,35,2022,47,2022-11-26,20744,11.8,1
Quebec,24,2022,47,2022-11-26,33615,11.4,1
Newfoundland and Labrador,10,2022,47,2022-11-26,487,20.9,1
New Brunswick,13,2022,47,2022-11-26,4969,12.9,1
Nova Scotia,12,2022,47,2022-11-26,5021,11.6,1
Prince Edward Island,11,2022,47,2022-11-26,1184,22.3,1
Yukon,60,2022,47,2022-11-26,167,3,1
Northwest Territories,61,2022,47,2022-11-26,89,23.6,1
Nunavut,62,2022,47,2022-11-26,101,5,1
Canada,1,2022,47,2022-11-26,93952,11.8,
British Columbia,59,2022,48,2022-12-03,6818,9.8,1
Alberta,48,2022,48,2022-12-03,8601,14.6,1
Saskatchewan,47,2022,48,2022-12-03,6966,6.6,1
Manitoba,46,2022,48,2022-12-03,2919,14.5,1
Ontario,35,2022,48,2022-12-03,20852,11.4,1
Quebec,24,2022,48,2022-12-03,35633,12.9,1
Newfoundland and Labrador,10,2022,48,2022-12-03,703,18.3,1
New Brunswick,13,2022,48,2022-12-03,5280,12.3,1
Nova Scotia,12,2022,48,2022-12-03,5226,11.4,1
Prince Edward Island,11,2022,48,2022-12-03,1145,22.6,1
Yukon,60,2022,48,2022-12-03,180,6.1,1
Northwest Territories,61,2022,48,2022-12-03,80,8.8,1
Nunavut,62,2022,48,2022-12-03,93,9.7,1
Canada,1,2022,48,2022-12-03,94496,12.1,
British Columbia,59,2022,49,2022-12-10,7198,12.3,1
Alberta,48,2022,49,2022-12-10,7772,14.6,1
Saskatchewan,47,2022,49,2022-12-10,6493,6.5,1
Manitoba,46,2022,49,2022-12-10,2359,10.5,1
Ontario,35,2022,49,2022-12-10,21193,12.3,1
Quebec,24,2022,49,2022-12-10,35178,13.3,1
Newfoundland and Labrador,10,2022,49,2022-12-10,853,13.7,1
New Brunswick,13,2022,49,2022-12-10,6384,14,1
Nova Scotia,12,2022,49,2022-12-10,5150,11.9,1
Prince Edward Island,11,2022,49,2022-12-10,1058,21.9,1
Yukon,60,2022,49,2022-12-10,149,2,1
Northwest Territories,61,2022,49,2022-12-10,135,8.1,1
Nunavut,62,2022,49,2022-12-10,120,3.3,1
Canada,1,2022,49,2022-12-10,94042,12.6,
British Columbia,59,2022,50,2022-12-17,6965,10.7,1
Alberta,48,2022,50,2022-12-17,7619,13.4,1
Saskatchewan,47,2022,50,2022-12-17,6441,5.9,1
Manitoba,46,2022,50,2022-12-17,2219,11.3,1
Ontario,35,2022,50,2022-12-17,20346,13.9,1
Quebec,24,2022,50,2022-12-17,34763,14.2,1
Newfoundland and Labrador,10,2022,50,2022-12-17,826,14.5,1
New Brunswick,13,2022,50,2022-12-17,5627,12,1
Nova Scotia,12,2022,50,2022-12-17,4395,14.9,1
Prince Edward Island,11,2022,50,2022-12-17,933,19.9,1
Yukon,60,2022,50,2022-12-17,123,6.5,1
Northwest Territories,61,2022,50,2022-12-17,112,19.6,1
Nunavut,62,2022,50,2022-12-17,106,17,1
Canada,1,2022,50,2022-12-17,90475,13.1,
British Columbia,59,2022,51,2022-12-24,5579,12.6,1
Alberta,48,2022,51,2022-12-24,6230,14.1,1
Saskatchewan,47,2022,51,2022-12-24,5611,5.8,1
Manitoba,46,2022,51,2022-12-24,1964,10.1,1
Ontario,35,2022,51,2022-12-24,18610,15.8,1
Quebec,24,2022,51,2022-12-24,31047,14.5,1
Newfoundland and Labrador,10,2022,51,2022-12-24,688,14.5,1
New Brunswick,13,2022,51,2022-12-24,4863,12.2,1
Nova Scotia,12,2022,51,2022-12-24,3691,19.8,1
Prince Edward Island,11,2022,51,2022-12-24,983,20.4,1
Yukon,60,2022,51,2022-12-24,100,3,1
Northwest Territories,61,2022,51,2022-12-24,73,9.6,1
Nunavut,62,2022,51,2022-12-24,139,15.1,1
Canada,1,2022,51,2022-12-24,79578,14.1,
British Columbia,59,2022,52,2022-12-31,5877,14.4,1
Alberta,48,2022,52,2022-12-31,5852,16.1,1
Saskatchewan,47,2022,52,2022-12-31,4517,6.7,1
Manitoba,46,2022,52,2022-12-31,1837,10.8,1
Ontario,35,2022,52,2022-12-31,18079,17.1,1
Quebec,24,2022,52,2022-12-31,25661,15.2,1
Newfoundland and Labrador,10,2022,52,2022-12-31,586,18.4,1
New Brunswick,13,2022,52,2022-12-31,3609,13.7,1
Nova Scotia,12,2022,52,2022-12-31,3481,25.2,1
Prince Edward Island,11,2022,52,2022-12-31,782,21.2,1
Yukon,60,2022,52,2022-12-31,96,3.1,1
Northwest Territories,61,2022,52,2022-12-31,68,5.9,1
Nunavut,62,2022,52,2022-12-31,101,10.9,1
Canada,1,2022,52,2022-12-31,70546,15.5,
British Columbia,59,2023,1,2023-01-07,5974,14.2,1
Alberta,48,2023,1,2023-01-07,6515,15.7,1
Saskatchewan,47,2023,1,2023-01-07,5412,6.9,1
Manitoba,46,2023,1,2023-01-07,1997,9.4,1
Ontario,35,2023,1,2023-01-07,20785,18,1
Quebec,24,2023,1,2023-01-07,24860,13.6,1
Newfoundland and Labrador,10,2023,1,2023-01-07,725,19.6,1
New Brunswick,13,2023,1,2023-01-07,4297,13,1
Nova Scotia,12,2023,1,2023-01-07,4076,23.2,1
Prince Edward Island,11,2023,1,2023-01-07,836,18.4,1
Yukon,60,2023,1,2023-01-07,139,12.2,1
Northwest Territories,61,2023,1,2023-01-07,52,11.5,1
Nunavut,62,2023,1,2023-01-07,143,16.1,1
Canada,1,2023,1,2023-01-07,75811,15,
British Columbia,59,2023,2,2023-01-14,5694,12.9,1
Alberta,48,2023,2,2023-01-14,6667,14.9,1
Saskatchewan,47,2023,2,2023-01-14,5830,5.4,1
Manitoba,46,2023,2,2023-01-14,1834,11.3,1
Ontario,35,2023,2,2023-01-14,19450,15.4,1
Quebec,24,2023,2,2023-01-14,22690,12,1
Newfoundland and Labrador,10,2023,2,2023-01-14,724,13.8,1
New Brunswick,13,2023,2,2023-01-14,4207,10.6,1
Nova Scotia,12,2023,2,2023-01-14,3796,24.7,1
Prince Edward Island,11,2023,2,2023-01-14,903,17.9,1
Yukon,60,2023,2,2023-01-14,128,5.5,1
Northwest Territories,61,2023,2,2023-01-14,56,5.4,1
Nunavut,62,2023,2,2023-01-14,156,12.2,1
Canada,1,2023,2,2023-01-14,72135,13.4,
British Columbia,59,2023,3,2023-01-21,4637,11.5,1
Alberta,48,2023,3,2023-01-21,5748,12.3,1
Saskatchewan,47,2023,3,2023-01-21,5582,4.9,1
Manitoba,46,2023,3,2023-01-21,1686,10.6,1
Ontario,35,2023,3,2023-01-21,18101,14.3,1
Quebec,24,2023,3,2023-01-21,21837,10.7,1
Newfoundland and Labrador,10,2023,3,2023-01-21,665,15,1
New Brunswick,13,2023,3,2023-01-21,3524,10.2,1
Nova Scotia,12,2023,3,2023-01-21,3428,24.5,1
Prince Edward Island,11,2023,3,2023-01-21,818,19.1,1
Yukon,60,2023,3,2023-01-21,114,6.1,1
Northwest Territories,61,2023,3,2023-01-21,35,8.6,1
Nunavut,62,2023,3,2023-01-21,136,10.3,1
Canada,1,2023,3,2023-01-21,66311,12.2,
British Columbia,59,2023,4,2023-01-28,4313,9.1,1
Alberta,48,2023,4,2023-01-28,5022,12.8,1
Saskatchewan,47,2023,4,2023-01-28,5471,4.4,1
Manitoba,46,2023,4,2023-01-28,1542,10.6,1
Ontario,35,2023,4,2023-01-28,17201,13.3,1
Quebec,24,2023,4,2023-01-28,19478,9.5,1
Newfoundland and Labrador,10,2023,4,2023-01-28,703,10.4,1
New Brunswick,13,2023,4,2023-01-28,2199,12.7,1
Nova Scotia,12,2023,4,2023-01-28,3109,24.6,1
Prince Edward Island,11,2023,4,2023-01-28,645,11,1
Yukon,60,2023,4,2023-01-28,130,4.6,1
Northwest Territories,61,2023,4,2023-01-28,19,5.3,1
Nunavut,62,2023,4,2023-01-28,103,8.7,1
Canada,1,2023,4,2023-01-28,59935,11.3,
British Columbia,59,2023,5,2023-02-04,4144,8.9,1
Alberta,48,2023,5,2023-02-04,5462,10.7,1
Saskatchewan,47,2023,5,2023-02-04,4503,6.1,1
Manitoba,46,2023,5,2023-02-04,1435,9.9,1
Ontario,35,2023,5,2023-02-04,16669,12.6,1
Quebec,24,2023,5,2023-02-04,18604,10.5,1
Newfoundland and Labrador,10,2023,5,2023-02-04,573,12.9,1
New Brunswick,13,2023,5,2023-02-04,2155,16.6,1
Nova Scotia,12,2023,5,2023-02-04,2538,25.1,1
Prince Edward Island,11,2023,5,2023-02-04,692,8.8,1
Yukon,60,2023,5,2023-02-04,106,2.8,1
Northwest Territories,61,2023,5,2023-02-04,34,0,1
Nunavut,62,2023,5,2023-02-04,118,10.2,1
Canada,1,2023,5,2023-02-04,57033,11.5,
British Columbia,59,2023,6,2023-02-11,4144,10.7,1
Alberta,48,2023,6,2023-02-11,5291,9.1,1
Saskatchewan,47,2023,6,2023-02-11,3217,6.4,1
Manitoba,46,2023,6,2023-02-11,1532,10.2,1
Ontario,35,2023,6,2023-02-11,16025,12.4,1
Quebec,24,2023,6,2023-02-11,19711,11.6,1
Newfoundland and Labrador,10,2023,6,2023-02-11,510,11.4,1
New Brunswick,13,2023,6,2023-02-11,2273,17.6,1
Nova Scotia,12,2023,6,2023-02-11,2642,21.4,1
Prince Edward Island,11,2023,6,2023-02-11,679,13,1
Yukon,60,2023,6,2023-02-11,101,7.9,1
Northwest Territories,61,2023,6,2023-02-11,47,19.1,1
Nunavut,62,2023,6,2023-02-11,111,7.2,1
Canada,1,2023,6,2023-02-11,56283,11.9,
British Columbia,59,2023,7,2023-02-18,4179,10.9,1
Alberta,48,2023,7,2023-02-18,5172,9,1
Saskatchewan,47,2023,7,2023-02-18,3123,6.5,1
Manitoba,46,2023,7,2023-02-18,1399,9.8,1
Ontario,35,2023,7,2023-02-18,15744,12.8,1
Quebec,24,2023,7,2023-02-18,19608,11.2,1
Newfoundland and Labrador,10,2023,7,2023-02-18,518,15.3,1
New Brunswick,13,2023,7,2023-02-18,2151,17.4,1
Nova Scotia,12,2023,7,2023-02-18,2312,19.4,1
Prince Edward Island,11,2023,7,2023-02-18,632,14.1,1
Yukon,60,2023,7,2023-02-18,123,22.8,1
Northwest Territories,61,2023,7,2023-02-18,24,8.3,1
Nunavut,62,2023,7,2023-02-18,60,0,1
Canada,1,2023,7,2023-02-18,55045,11.8,
British Columbia,59,2023,8,2023-02-25,4259,11.9,1
Alberta,48,2023,8,2023-02-25,4779,8.5,1
Saskatchewan,47,2023,8,2023-02-25,2935,6.6,1
Manitoba,46,2023,8,2023-02-25,1457,11.9,1
Ontario,35,2023,8,2023-02-25,14836,12.1,1
Quebec,24,2023,8,2023-02-25,19287,11.2,1
Newfoundland and Labrador,10,2023,8,2023-02-25,575,21.7,1
New Brunswick,13,2023,8,2023-02-25,1659,22.4,1
Nova Scotia,12,2023,8,2023-02-25,2078,17.2,1
Prince Edward Island,11,2023,8,2023-02-25,566,9.5,1
Yukon,60,2023,8,2023-02-25,104,14.4,1
Northwest Territories,61,2023,8,2023-02-25,30,23.3,1
Nunavut,62,2023,8,2023-02-25,73,8.2,1
Canada,1,2023,8,2023-02-25,52638,11.7,
British Columbia,59,2023,9,2023-03-04,4055,10.1,1
Alberta,48,2023,9,2023-03-04,4683,8.5,1
Saskatchewan,47,2023,9,2023-03-04,3059,7.1,1
Manitoba,46,2023,9,2023-03-04,1490,13.2,1
Ontario,35,2023,9,2023-03-04,15219,11.4,1
Quebec,24,2023,9,2023-03-04,19451,10.8,1
Newfoundland and Labrador,10,2023,9,2023-03-04,506,17,1
New Brunswick,13,2023,9,2023-03-04,1841,20.5,1
Nova Scotia,12,2023,9,2023-03-04,2615,15.1,1
Prince Edward Island,11,2023,9,2023-03-04,588,12.8,1
Yukon,60,2023,9,2023-03-04,106,10.4,1
Northwest Territories,61,2023,9,2023-03-04,43,14,1
Nunavut,62,2023,9,2023-03-04,100,7,1
Canada,1,2023,9,2023-03-04,53756,11.2,
British Columbia,59,2023,10,2023-03-11,4122,11.3,1
Alberta,48,2023,10,2023-03-11,4436,9.4,1
Saskatchewan,47,2023,10,2023-03-11,2922,8.1,1
Manitoba,46,2023,10,2023-03-11,1637,13.3,1
Ontario,35,2023,10,2023-03-11,14995,11.3,1
Quebec,24,2023,10,2023-03-11,18249,10.5,1
Newfoundland and Labrador,10,2023,10,2023-03-11,555,16.2,1
New Brunswick,13,2023,10,2023-03-11,1715,23.4,1
Nova Scotia,12,2023,10,2023-03-11,2091,15.6,1
Prince Edward Island,11,2023,10,2023-03-11,598,15.2,1
Yukon,60,2023,10,2023-03-11,98,12.2,1
Northwest Territories,61,2023,10,2023-03-11,30,13.3,1
Nunavut,62,2023,10,2023-03-11,94,8.5,1
Canada,1,2023,10,2023-03-11,51542,11.4,
British Columbia,59,2023,11,2023-03-18,3828,13,1
Alberta,48,2023,11,2023-03-18,4948,9.1,1
Saskatchewan,47,2023,11,2023-03-18,2528,8.7,1
Manitoba,46,2023,11,2023-03-18,1715,15.3,1
Ontario,35,2023,11,2023-03-18,15074,11.9,1
Quebec,24,2023,11,2023-03-18,17880,10.2,1
Newfoundland and Labrador,10,2023,11,2023-03-18,491,13.8,1
New Brunswick,13,2023,11,2023-03-18,1523,20.9,1
Nova Scotia,12,2023,11,2023-03-18,2145,15.7,1
Prince Edward Island,11,2023,11,2023-03-18,595,17.3,1
Yukon,60,2023,11,2023-03-18,83,8.4,1
Northwest Territories,61,2023,11,2023-03-18,27,0,1
Nunavut,62,2023,11,2023-03-18,104,12.5,1
Canada,1,2023,11,2023-03-18,50941,11.6,
British Columbia,59,2023,12,2023-03-25,3939,14.8,1
Alberta,48,2023,12,2023-03-25,5021,9,1
Saskatchewan,47,2023,12,2023-03-25,2562,9.4,1
Manitoba,46,2023,12,2023-03-25,1504,14.6,1
Ontario,35,2023,12,2023-03-25,14209,10.9,1
Quebec,24,2023,12,2023-03-25,16822,10.1,1
Newfoundland and Labrador,10,2023,12,2023-03-25,459,10.9,1
New Brunswick,13,2023,12,2023-03-25,1337,16.6,1
Nova Scotia,12,2023,12,2023-03-25,2168,16,1
Prince Edward Island,11,2023,12,2023-03-25,643,20.1,1
Yukon,60,2023,12,2023-03-25,62,8.1,1
Northwest Territories,61,2023,12,2023-03-25,24,8.3,1
Nunavut,62,2023,12,2023-03-25,95,7.4,1
Canada,1,2023,12,2023-03-25,48845,11.3,
British Columbia,59,2023,13,2023-04-01,3676,15.9,1
Alberta,48,2023,13,2023-04-01,4448,9.5,1
Saskatchewan,47,2023,13,2023-04-01,2323,10.5,1
Manitoba,46,2023,13,2023-04-01,1445,12,1
Ontario,35,2023,13,2023-04-01,13065,9.9,1
Quebec,24,2023,13,2023-04-01,17221,9.4,1
Newfoundland and Labrador,10,2023,13,2023-04-01,571,15.1,1
New Brunswick,13,2023,13,2023-04-01,1138,14.1,1
Nova Scotia,12,2023,13,2023-04-01,1953,16.6,1
Prince Edward Island,11,2023,13,2023-04-01,679,21.1,1
Yukon,60,2023,13,2023-04-01,53,5.7,1
Northwest Territories,61,2023,13,2023-04-01,17,0,1
Nunavut,62,2023,13,2023-04-01,107,8.4,1
Canada,1,2023,13,2023-04-01,46696,10.8,
British Columbia,59,2023,14,2023-04-08,3408,15.8,1
Alberta,48,2023,14,2023-04-08,4065,9.4,1
Saskatchewan,47,2023,14,2023-04-08,2072,8.2,1
Manitoba,46,2023,14,2023-04-08,1497,14.4,1
Ontario,35,2023,14,2023-04-08,10310,9.3,1
Quebec,24,2023,14,2023-04-08,15857,10.4,1
Newfoundland and Labrador,10,2023,14,2023-04-08,475,16.2,1
New Brunswick,13,2023,14,2023-04-08,887,11.5,1
Nova Scotia,12,2023,14,2023-04-08,1634,16.2,1
Prince Edward Island,11,2023,14,2023-04-08,599,18,1
Yukon,60,2023,14,2023-04-08,54,13,1
Northwest Territories,61,2023,14,2023-04-08,26,11.5,1
Nunavut,62,2023,14,2023-04-08,115,0.9,1
Canada,1,2023,14,2023-04-08,40999,10.9,
British Columbia,59,2023,15,2023-04-15,3736,18.3,1
Alberta,48,2023,15,2023-04-15,3776,8.9,1
Saskatchewan,47,2023,15,2023-04-15,1994,10.4,1
Manitoba,46,2023,15,2023-04-15,1499,14.9,1
Ontario,35,2023,15,2023-04-15,10477,9.5,1
Quebec,24,2023,15,2023-04-15,16755,10.5,1
Newfoundland and Labrador,10,2023,15,2023-04-15,582,13.1,1
New Brunswick,13,2023,15,2023-04-15,882,11.9,1
Nova Scotia,12,2023,15,2023-04-15,1759,18.9,1
Prince Edward Island,11,2023,15,2023-04-15,548,12.6,1
Yukon,60,2023,15,2023-04-15,48,6.2,1
Northwest Territories,61,2023,15,2023-04-15,13,7.7,1
Nunavut,62,2023,15,2023-04-15,111,0,1
Canada,1,2023,15,2023-04-15,42180,11.4,
British Columbia,59,2023,16,2023-04-22,3660,18.6,1
Alberta,48,2023,16,2023-04-22,3858,10.7,1
Saskatchewan,47,2023,16,2023-04-22,1826,10.5,1
Manitoba,46,2023,16,2023-04-22,1373,13.7,1
Ontario,35,2023,16,2023-04-22,9788,9.3,1
Quebec,24,2023,16,2023-04-22,16401,9.7,1
Newfoundland and Labrador,10,2023,16,2023-04-22,539,11.1,1
New Brunswick,13,2023,16,2023-04-22,807,12.5,1
Nova Scotia,12,2023,16,2023-04-22,1616,15.5,1
Prince Edward Island,11,2023,16,2023-04-22,450,8.9,1
Yukon,60,2023,16,2023-04-22,28,14.3,1
Northwest Territories,61,2023,16,2023-04-22,20,10,1
Nunavut,62,2023,16,2023-04-22,163,1.8,1
Canada,1,2023,16,2023-04-22,40529,10.9,
British Columbia,59,2023,17,2023-04-29,3690,18,1
Alberta,48,2023,17,2023-04-29,3938,9.5,1
Saskatchewan,47,2023,17,2023-04-29,1839,8.8,1
Manitoba,46,2023,17,2023-04-29,1325,10.4,1
Ontario,35,2023,17,2023-04-29,9083,7.8,1
Quebec,24,2023,17,2023-04-29,15412,9.3,1
Newfoundland and Labrador,10,2023,17,2023-04-29,482,9.5,1
New Brunswick,13,2023,17,2023-04-29,704,11.9,1
Nova Scotia,12,2023,17,2023-04-29,1342,15.6,1
Prince Edward Island,11,2023,17,2023-04-29,172,14.5,1
Yukon,60,2023,17,2023-04-29,42,7.1,1
Northwest Territories,61,2023,17,2023-04-29,18,0,1
Nunavut,62,2023,17,2023-04-29,112,1.8,1
Canada,1,2023,17,2023-04-29,38159,10.1,
British Columbia,59,2023,18,2023-05-06,3123,15.6,1
Alberta,48,2023,18,2023-05-06,3751,9.5,1
Saskatchewan,47,2023,18,2023-05-06,1664,8.5,1
Manitoba,46,2023,18,2023-05-06,1350,13,1
Ontario,35,2023,18,2023-05-06,8229,8.5,1
Quebec,24,2023,18,2023-05-06,14528,8.5,1
Newfoundland and Labrador,10,2023,18,2023-05-06,459,13.1,1
New Brunswick,13,2023,18,2023-05-06,712,11.9,1
Nova Scotia,12,2023,18,2023-05-06,1425,16.8,1
Prince Edward Island,11,2023,18,2023-05-06,147,12.9,1
Yukon,60,2023,18,2023-05-06,48,6.2,1
Northwest Territories,61,2023,18,2023-05-06,19,10.5,1
Nunavut,62,2023,18,2023-05-06,134,1.5,1
Canada,1,2023,18,2023-05-06,35589,9.8,
British Columbia,59,2023,19,2023-05-13,2794,13.9,1
Alberta,48,2023,19,2023-05-13,2874,9.3,1
Saskatchewan,47,2023,19,2023-05-13,1633,7.8,1
Manitoba,46,2023,19,2023-05-13,1226,10.7,1
Ontario,35,2023,19,2023-05-13,7456,8.6,1
Quebec,24,2023,19,2023-05-13,12900,8.3,1
Newfoundland and Labrador,10,2023,19,2023-05-13,421,12.8,1
New Brunswick,13,2023,19,2023-05-13,666,12.6,1
Nova Scotia,12,2023,19,2023-05-13,1370,18.5,1
Prince Edward Island,11,2023,19,2023-05-13,100,9,1
Yukon,60,2023,19,2023-05-13,36,2.8,1
Northwest Territories,61,2023,19,2023-05-13,18,0,1
Nunavut,62,2023,19,2023-05-13,136,2.2,1
Canada,1,2023,19,2023-05-13,31630,9.6,
British Columbia,59,2023,20,2023-05-20,2498,13.5,1
Alberta,48,2023,20,2023-05-20,3222,7.8,1
Saskatchewan,47,2023,20,2023-05-20,1507,6.2,1
Manitoba,46,2023,20,2023-05-20,1104,9.2,1
Ontario,35,2023,20,2023-05-20,6935,8.5,1
Quebec,24,2023,20,2023-05-20,11881,8.5,1
Newfoundland and Labrador,10,2023,20,2023-05-20,392,9.2,1
New Brunswick,13,2023,20,2023-05-20,615,13.8,1
Nova Scotia,12,2023,20,2023-05-20,1352,19.2,1
Prince Edward Island,11,2023,20,2023-05-20,104,3.8,1
Yukon,60,2023,20,2023-05-20,60,6.7,1
Northwest Territories,61,2023,20,2023-05-20,14,7.1,1
Nunavut,62,2023,20,2023-05-20,82,4.9,1
Canada,1,2023,20,2023-05-20,29766,9.3,
British Columbia,59,2023,21,2023-05-27,2481,11.1,1
Alberta,48,2023,21,2023-05-27,3096,7.9,1
Saskatchewan,47,2023,21,2023-05-27,1398,5.3,1
Manitoba,46,2023,21,2023-05-27,1083,9.3,1
Ontario,35,2023,21,2023-05-27,6566,9.2,1
Quebec,24,2023,21,2023-05-27,10167,8.7,1
Newfoundland and Labrador,10,2023,21,2023-05-27,399,9.8,1
New Brunswick,13,2023,21,2023-05-27,657,12.2,1
Nova Scotia,12,2023,21,2023-05-27,1175,17,1
Prince Edward Island,11,2023,21,2023-05-27,80,8.8,1
Yukon,60,2023,21,2023-05-27,57,12.3,1
Northwest Territories,61,2023,21,2023-05-27,15,20,1
Nunavut,62,2023,21,2023-05-27,121,1.7,1
Canada,1,2023,21,2023-05-27,27295,9.2,
British Columbia,59,2023,22,2023-06-03,2286,10.1,1
Alberta,48,2023,22,2023-06-03,3109,6.9,1
Saskatchewan,47,2023,22,2023-06-03,1224,2.9,1
Manitoba,46,2023,22,2023-06-03,1035,7.3,1
Ontario,35,2023,22,2023-06-03,6854,8.6,1
Quebec,24,2023,22,2023-06-03,9841,8.6,1
Newfoundland and Labrador,10,2023,22,2023-06-03,383,9.4,1
New Brunswick,13,2023,22,2023-06-03,649,10,1
Nova Scotia,12,2023,22,2023-06-03,1042,14.4,1
Prince Edward Island,11,2023,22,2023-06-03,69,13,1
Yukon,60,2023,22,2023-06-03,31,0,1
Northwest Territories,61,2023,22,2023-06-03,29,0,1
Nunavut,62,2023,22,2023-06-03,130,0,1
Canada,1,2023,22,2023-06-03,26682,8.5,
British Columbia,59,2023,23,2023-06-10,2171,8.9,1
Alberta,48,2023,23,2023-06-10,2950,4.6,1
Saskatchewan,47,2023,23,2023-06-10,1213,3.1,1
Manitoba,46,2023,23,2023-06-10,915,7.9,1
Ontario,35,2023,23,2023-06-10,5647,6.3,1
Quebec,24,2023,23,2023-06-10,9116,7.4,1
Newfoundland and Labrador,10,2023,23,2023-06-10,370,16.2,1
New Brunswick,13,2023,23,2023-06-10,629,10.3,1
Nova Scotia,12,2023,23,2023-06-10,1176,17.7,1
Prince Edward Island,11,2023,23,2023-06-10,99,12.1,1
Yukon,60,2023,23,2023-06-10,31,3.2,1
Northwest Territories,61,2023,23,2023-06-10,26,3.8,1
Nunavut,62,2023,23,2023-06-10,87,0,1
Canada,1,2023,23,2023-06-10,24430,7.4,
British Columbia,59,2023,24,2023-06-17,2102,9.5,1
Alberta,48,2023,24,2023-06-17,2446,3.9,1
Saskatchewan,47,2023,24,2023-06-17,1233,2.9,1
Manitoba,46,2023,24,2023-06-17,900,7.1,1
Ontario,35,2023,24,2023-06-17,5230,7.1,1
Quebec,24,2023,24,2023-06-17,8568,5.7,1
Newfoundland and Labrador,10,2023,24,2023-06-17,351,12.8,1
New Brunswick,13,2023,24,2023-06-17,573,10.5,1
Nova Scotia,12,2023,24,2023-06-17,1123,13.4,1
Prince Edward Island,11,2023,24,2023-06-17,49,10.2,1
Yukon,60,2023,24,2023-06-17,38,10.5,1
Northwest Territories,61,2023,24,2023-06-17,11,0,1
Nunavut,62,2023,24,2023-06-17,85,1.2,1
Canada,1,2023,24,2023-06-17,22709,6.7,
British Columbia,59,2023,25,2023-06-24,2061,8,1
Alberta,48,2023,25,2023-06-24,2293,4.2,1
Saskatchewan,47,2023,25,2023-06-24,1112,3,1
Manitoba,46,2023,25,2023-06-24,889,4.6,1
Ontario,35,2023,25,2023-06-24,4997,6.4,1
Quebec,24,2023,25,2023-06-24,7213,5.4,1
Newfoundland and Labrador,10,2023,25,2023-06-24,376,18.9,1
New Brunswick,13,2023,25,2023-06-24,580,6.6,1
Nova Scotia,12,2023,25,2023-06-24,1101,10.4,1
Prince Edward Island,11,2023,25,2023-06-24,69,21.7,1
Yukon,60,2023,25,2023-06-24,28,3.6,1
Northwest Territories,61,2023,25,2023-06-24,18,0,1
Nunavut,62,2023,25,2023-06-24,51,3.9,1
Canada,1,2023,25,2023-06-24,20788,6.2,
British Columbia,59,2023,26,2023-07-01,2070,8.7,1
Alberta,48,2023,26,2023-07-01,2334,4.5,1
Saskatchewan,47,2023,26,2023-07-01,1064,3.2,1
Manitoba,46,2023,26,2023-07-01,811,3.5,1
Ontario,35,2023,26,2023-07-01,4671,5.4,1
Quebec,24,2023,26,2023-07-01,7184,5.8,1
Newfoundland and Labrador,10,2023,26,2023-07-01,304,14.8,1
New Brunswick,13,2023,26,2023-07-01,522,4.4,1
Nova Scotia,12,2023,26,2023-07-01,929,6.9,1
Prince Edward Island,11,2023,26,2023-07-01,73,15.1,1
Yukon,60,2023,26,2023-07-01,37,0,1
Northwest Territories,61,2023,26,2023-07-01,12,0,1
Nunavut,62,2023,26,2023-07-01,55,0,1
Canada,1,2023,26,2023-07-01,20066,5.8,
British Columbia,59,2023,27,2023-07-08,1939,10,1
Alberta,48,2023,27,2023-07-08,2191,3,1
Saskatchewan,47,2023,27,2023-07-08,1072,2.1,1
Manitoba,46,2023,27,2023-07-08,855,4.1,1
Ontario,35,2023,27,2023-07-08,4457,5.5,1
Quebec,24,2023,27,2023-07-08,6791,5.6,1
Newfoundland and Labrador,10,2023,27,2023-07-08,311,12.5,1
New Brunswick,13,2023,27,2023-07-08,512,4.7,1
Nova Scotia,12,2023,27,2023-07-08,778,10.7,1
Prince Edward Island,11,2023,27,2023-07-08,84,9.5,1
Yukon,60,2023,27,2023-07-08,22,9.1,1
Northwest Territories,61,2023,27,2023-07-08,9,0,1
Nunavut,62,2023,27,2023-07-08,52,0,1
Canada,1,2023,27,2023-07-08,19073,5.7,
British Columbia,59,2023,28,2023-07-15,1845,8.2,1
Alberta,48,2023,28,2023-07-15,2102,3.3,1
Saskatchewan,47,2023,28,2023-07-15,967,4.9,1
Manitoba,46,2023,28,2023-07-15,856,2.7,1
Ontario,35,2023,28,2023-07-15,4625,7.3,1
Quebec,24,2023,28,2023-07-15,6640,5.4,1
Newfoundland and Labrador,10,2023,28,2023-07-15,340,13.5,1
New Brunswick,13,2023,28,2023-07-15,470,4,1
Nova Scotia,12,2023,28,2023-07-15,816,12.4,1
Prince Edward Island,11,2023,28,2023-07-15,62,8.1,1
Yukon,60,2023,28,2023-07-15,24,0,1
Northwest Territories,61,2023,28,2023-07-15,5,0,1
Nunavut,62,2023,28,2023-07-15,61,0,1
Canada,1,2023,28,2023-07-15,18813,6.1,
British Columbia,59,2023,29,2023-07-22,1750,8.2,1
Alberta,48,2023,29,2023-07-22,2179,5.2,1
Saskatchewan,47,2023,29,2023-07-22,943,5.3,1
Manitoba,46,2023,29,2023-07-22,753,4.5,1
Ontario,35,2023,29,2023-07-22,4887,7.5,1
Quebec,24,2023,29,2023-07-22,6202,6.9,1
Newfoundland and Labrador,10,2023,29,2023-07-22,292,10.6,1
New Brunswick,13,2023,29,2023-07-22,462,9.1,1
Nova Scotia,12,2023,29,2023-07-22,755,8.5,1
Prince Edward Island,11,2023,29,2023-07-22,51,3.9,1
Yukon,60,2023,29,2023-07-22,26,3.8,1
Northwest Territories,61,2023,29,2023-07-22,17,0,1
Nunavut,62,2023,29,2023-07-22,66,3,1
Canada,1,2023,29,2023-07-22,18383,6.9,
British Columbia,59,2023,30,2023-07-29,1823,8.2,1
Alberta,48,2023,30,2023-07-29,2220,7.6,1
Saskatchewan,47,2023,30,2023-07-29,1039,7.2,1
Manitoba,46,2023,30,2023-07-29,846,6,1
Ontario,35,2023,30,2023-07-29,4663,8.2,1
Quebec,24,2023,30,2023-07-29,6176,7.6,1
Newfoundland and Labrador,10,2023,30,2023-07-29,299,8.4,1
New Brunswick,13,2023,30,2023-07-29,546,10.1,1
Nova Scotia,12,2023,30,2023-07-29,773,5.8,1
Prince Edward Island,11,2023,30,2023-07-29,57,10.5,1
Yukon,60,2023,30,2023-07-29,41,4.9,1
Northwest Territories,61,2023,30,2023-07-29,10,0,1
Nunavut,62,2023,30,2023-07-29,45,0,1
Canada,1,2023,30,2023-07-29,18538,7.7,
British Columbia,59,2023,31,2023-08-05,1700,9.1,1
Alberta,48,2023,31,2023-08-05,2127,7.5,1
Saskatchewan,47,2023,31,2023-08-05,855,5.4,1
Manitoba,46,2023,31,2023-08-05,844,8.3,1
Ontario,35,2023,31,2023-08-05,4533,7.7,1
Quebec,24,2023,31,2023-08-05,6351,9.5,1
Newfoundland and Labrador,10,2023,31,2023-08-05,276,8.3,1
New Brunswick,13,2023,31,2023-08-05,515,8.2,1
Nova Scotia,12,2023,31,2023-08-05,833,8.9,1
Prince Edward Island,11,2023,31,2023-08-05,60,6.7,1
Yukon,60,2023,31,2023-08-05,21,4.8,1
Northwest Territories,61,2023,31,2023-08-05,9,0,1
Nunavut,62,2023,31,2023-08-05,41,0,1
Canada,1,2023,31,2023-08-05,18165,8.4,
British Columbia,59,2023,32,2023-08-12,1756,8.2,1
Alberta,48,2023,32,2023-08-12,2366,8.5,1
Saskatchewan,47,2023,32,2023-08-12,855,5.3,1
Manitoba,46,2023,32,2023-08-12,765,9.2,1
Ontario,35,2023,32,2023-08-12,4756,7.7,1
Quebec,24,2023,32,2023-08-12,7151,11.4,1
Newfoundland and Labrador,10,2023,32,2023-08-12,317,11,1
New Brunswick,13,2023,32,2023-08-12,539,6.9,1
Nova Scotia,12,2023,32,2023-08-12,641,12.3,1
Prince Edward Island,11,2023,32,2023-08-12,74,12.2,1
Yukon,60,2023,32,2023-08-12,42,16.7,1
Northwest Territories,61,2023,32,2023-08-12,17,11.8,1
Nunavut,62,2023,32,2023-08-12,35,0,1
Canada,1,2023,32,2023-08-12,19314,9.4,
British Columbia,59,2023,33,2023-08-19,1933,12.2,1
Alberta,48,2023,33,2023-08-19,2676,7.9,1
Saskatchewan,47,2023,33,2023-08-19,931,5.8,1
Manitoba,46,2023,33,2023-08-19,886,10.6,1
Ontario,35,2023,33,2023-08-19,5757,11.1,1
Quebec,24,2023,33,2023-08-19,7858,13.9,1
Newfoundland and Labrador,10,2023,33,2023-08-19,306,13.7,1
New Brunswick,13,2023,33,2023-08-19,534,6.7,1
Nova Scotia,12,2023,33,2023-08-19,767,14.9,1
Prince Edward Island,11,2023,33,2023-08-19,109,9.2,1
Yukon,60,2023,33,2023-08-19,47,10.6,1
Northwest Territories,61,2023,33,2023-08-19,,,0
Nunavut,62,2023,33,2023-08-19,33,3,1
Canada,1,2023,33,2023-08-19,21837,11.6,
British Columbia,59,2023,34,2023-08-26,2163,17.5,1
Alberta,48,2023,34,2023-08-26,2805,9.1,1
Saskatchewan,47,2023,34,2023-08-26,1024,7.4,1
Manitoba,46,2023,34,2023-08-26,987,14,1
Ontario,35,2023,34,2023-08-26,5896,12.5,1
Quebec,24,2023,34,2023-08-26,8580,15,1
Newfoundland and Labrador,10,2023,34,2023-08-26,377,12.5,1
New Brunswick,13,2023,34,2023-08-26,516,10.3,1
Nova Scotia,12,2023,34,2023-08-26,816,17.3,1
Prince Edward Island,11,2023,34,2023-08-26,116,11.2,1
Yukon,60,2023,34,2023-08-26,39,17.9,1
Northwest Territories,61,2023,34,2023-08-26,,,0
Nunavut,62,2023,34,2023-08-26,62,4.8,1
Canada,1,2023,34,2023-08-26,23381,13.4,
British Columbia,59,2023,35,2023-09-02,2651,18,1
Alberta,48,2023,35,2023-09-02,3066,10.8,1
Saskatchewan,47,2023,35,2023-09-02,982,6.7,1
Manitoba,46,2023,35,2023-09-02,1144,13.5,1
Ontario,35,2023,35,2023-09-02,6230,12.4,1
Quebec,24,2023,35,2023-09-02,9351,16.3,1
Newfoundland and Labrador,10,2023,35,2023-09-02,488,16.2,1
New Brunswick,13,2023,35,2023-09-02,642,14.3,1
Nova Scotia,12,2023,35,2023-09-02,871,19.9,1
Prince Edward Island,11,2023,35,2023-09-02,109,11.9,1
Yukon,60,2023,35,2023-09-02,67,17.9,1
Northwest Territories,61,2023,35,2023-09-02,0,0,1
Nunavut,62,2023,35,2023-09-02,55,3.6,1
Canada,1,2023,35,2023-09-02,25656,14.4,
British Columbia,59,2023,36,2023-09-09,2640,16.7,1
Alberta,48,2023,36,2023-09-09,3501,11.7,1
Saskatchewan,47,2023,36,2023-09-09,1183,8.4,1
Manitoba,46,2023,36,2023-09-09,1284,15.8,1
Ontario,35,2023,36,2023-09-09,6939,15.5,1
Quebec,24,2023,36,2023-09-09,10215,17.4,1
Newfoundland and Labrador,10,2023,36,2023-09-09,414,19.6,1
New Brunswick,13,2023,36,2023-09-09,641,13.4,1
Nova Scotia,12,2023,36,2023-09-09,1129,25.2,1
Prince Edward Island,11,2023,36,2023-09-09,162,14.2,1
Yukon,60,2023,36,2023-09-09,58,22.4,1
Northwest Territories,61,2023,36,2023-09-09,2,50,1
Nunavut,62,2023,36,2023-09-09,69,11.6,1
Canada,1,2023,36,2023-09-09,28237,15.9,
British Columbia,59,2023,37,2023-09-16,3111,20.6,1
Alberta,48,2023,37,2023-09-16,4336,12.4,1
Saskatchewan,47,2023,37,2023-09-16,1341,9,1
Manitoba,46,2023,37,2023-09-16,1270,14.4,1
Ontario,35,2023,37,2023-09-16,7337,15.7,1
Quebec,24,2023,37,2023-09-16,11678,18.1,1
Newfoundland and Labrador,10,2023,37,2023-09-16,479,14,1
New Brunswick,13,2023,37,2023-09-16,807,15.1,1
Nova Scotia,12,2023,37,2023-09-16,1131,24.8,1
Prince Edward Island,11,2023,37,2023-09-16,150,5.3,1
Yukon,60,2023,37,2023-09-16,56,8.9,1
Northwest Territories,61,2023,37,2023-09-16,9,22.2,1
Nunavut,62,2023,37,2023-09-16,84,9.5,1
Canada,1,2023,37,2023-09-16,31789,16.5,
British Columbia,59,2023,38,2023-09-23,3377,22.6,1
Alberta,48,2023,38,2023-09-23,4669,13.7,1
Saskatchewan,47,2023,38,2023-09-23,1676,9.9,1
Manitoba,46,2023,38,2023-09-23,1624,20.3,1
Ontario,35,2023,38,2023-09-23,8514,18.4,1
Quebec,24,2023,38,2023-09-23,13455,20.5,1
Newfoundland and Labrador,10,2023,38,2023-09-23,465,14.2,1
New Brunswick,13,2023,38,2023-09-23,840,12.7,1
Nova Scotia,12,2023,38,2023-09-23,1324,24.7,1
Prince Edward Island,11,2023,38,2023-09-23,146,6.8,1
Yukon,60,2023,38,2023-09-23,59,11.9,1
Northwest Territories,61,2023,38,2023-09-23,29,3.4,1
Nunavut,62,2023,38,2023-09-23,86,11.6,1
Canada,1,2023,38,2023-09-23,36264,18.6,
British Columbia,59,2023,39,2023-09-30,3895,23.6,1
Alberta,48,2023,39,2023-09-30,5089,15.2,1
Saskatchewan,47,2023,39,2023-09-30,1855,13.2,1
Manitoba,46,2023,39,2023-09-30,1714,19.5,1
Ontario,35,2023,39,2023-09-30,9291,17.9,1
Quebec,24,2023,39,2023-09-30,15431,21.3,1
Newfoundland and Labrador,10,2023,39,2023-09-30,501,17.4,1
New Brunswick,13,2023,39,2023-09-30,855,13,1
Nova Scotia,12,2023,39,2023-09-30,1603,30.5,1
Prince Edward Island,11,2023,39,2023-09-30,167,12.6,1
Yukon,60,2023,39,2023-09-30,71,7,1
Northwest Territories,61,2023,39,2023-09-30,23,17.4,1
Nunavut,62,2023,39,2023-09-30,92,16.3,1
Canada,1,2023,39,2023-09-30,40587,19.6,
British Columbia,59,2023,40,2023-10-07,4202,20.8,1
Alberta,48,2023,40,2023-10-07,5586,16.8,1
Saskatchewan,47,2023,40,2023-10-07,2079,12.7,1
Manitoba,46,2023,40,2023-10-07,1532,17.2,1
Ontario,35,2023,40,2023-10-07,9349,17.6,1
Quebec,24,2023,40,2023-10-07,15684,22.2,1
Newfoundland and Labrador,10,2023,40,2023-10-07,519,20.2,1
New Brunswick,13,2023,40,2023-10-07,949,17.1,1
Nova Scotia,12,2023,40,2023-10-07,1885,30.5,1
Prince Edward Island,11,2023,40,2023-10-07,191,12,1
Yukon,60,2023,40,2023-10-07,72,11.1,1
Northwest Territories,61,2023,40,2023-10-07,24,8.3,1
Nunavut,62,2023,40,2023-10-07,100,14,1
Canada,1,2023,40,2023-10-07,42172,19.8,
British Columbia,59,2023,41,2023-10-14,4047,19.1,1
Alberta,48,2023,41,2023-10-14,5817,17.7,1
Saskatchewan,47,2023,41,2023-10-14,2293,14.9,1
Manitoba,46,2023,41,2023-10-14,1513,15.9,1
Ontario,35,2023,41,2023-10-14,8426,15.3,1
Quebec,24,2023,41,2023-10-14,12605,18.3,1
Newfoundland and Labrador,10,2023,41,2023-10-14,599,21.7,1
New Brunswick,13,2023,41,2023-10-14,952,16.8,1
Nova Scotia,12,2023,41,2023-10-14,1729,23.6,1
Prince Edward Island,11,2023,41,2023-10-14,303,14.9,1
Yukon,60,2023,41,2023-10-14,46,13,1
Northwest Territories,61,2023,41,2023-10-14,36,22.2,1
Nunavut,62,2023,41,2023-10-14,95,12.6,1
Canada,1,2023,41,2023-10-14,38461,17.5,
British Columbia,59,2023,42,2023-10-21,3737,17.1,1
Alberta,48,2023,42,2023-10-21,5845,17.8,1
Saskatchewan,47,2023,42,2023-10-21,2531,16,1
Manitoba,46,2023,42,2023-10-21,1664,16.8,1
Ontario,35,2023,42,2023-10-21,9300,16.9,1
Quebec,24,2023,42,2023-10-21,12590,18.6,1
Newfoundland and Labrador,10,2023,42,2023-10-21,571,18.9,1
New Brunswick,13,2023,42,2023-10-21,961,16.4,1
Nova Scotia,12,2023,42,2023-10-21,1683,22.8,1
Prince Edward Island,11,2023,42,2023-10-21,278,14,1
Yukon,60,2023,42,2023-10-21,36,13.9,1
Northwest Territories,61,2023,42,2023-10-21,37,16.2,1
Nunavut,62,2023,42,2023-10-21,117,18.8,1
Canada,1,2023,42,2023-10-21,39350,17.8,
British Columbia,59,2023,43,2023-10-28,3262,14.9,1
Alberta,48,2023,43,2023-10-28,5591,16.3,1
Saskatchewan,47,2023,43,2023-10-28,2355,17.7,1
Manitoba,46,2023,43,2023-10-28,1504,18.6,1
Ontario,35,2023,43,2023-10-28,9276,19.4,1
Quebec,24,2023,43,2023-10-28,12003,18.3,1
Newfoundland and Labrador,10,2023,43,2023-10-28,509,18.7,1
New Brunswick,13,2023,43,2023-10-28,958,14.4,1
Nova Scotia,12,2023,43,2023-10-28,1464,20.4,1
Prince Edward Island,11,2023,43,2023-10-28,164,11,1
Yukon,60,2023,43,2023-10-28,43,7,1
Northwest Territories,61,2023,43,2023-10-28,17,17.6,1
Nunavut,62,2023,43,2023-10-28,140,20.7,1
Canada,1,2023,43,2023-10-28,37286,17.9,
British Columbia,59,2023,44,2023-11-04,3648,16,1
Alberta,48,2023,44,2023-11-04,5882,18,1
Saskatchewan,47,2023,44,2023-11-04,2824,16.3,1
Manitoba,46,2023,44,2023-11-04,1635,21.7,1
Ontario,35,2023,44,2023-11-04,9060,17.1,1
Quebec,24,2023,44,2023-11-04,11975,18.4,1
Newfoundland and Labrador,10,2023,44,2023-11-04,544,17.1,1
New Brunswick,13,2023,44,2023-11-04,918,13.3,1
Nova Scotia,12,2023,44,2023-11-04,1328,21.8,1
Prince Edward Island,11,2023,44,2023-11-04,175,14.9,1
Yukon,60,2023,44,2023-11-04,59,23.7,1
Northwest Territories,61,2023,44,2023-11-04,24,8.3,1
Nunavut,62,2023,44,2023-11-04,111,13.5,1
Canada,1,2023,44,2023-11-04,38183,17.7,
British Columbia,59,2023,45,2023-11-11,3545,14.4,1
Alberta,48,2023,45,2023-11-11,5807,15.9,1
Saskatchewan,47,2023,45,2023-11-11,3043,14.8,1
Manitoba,46,2023,45,2023-11-11,1598,24.9,1
Ontario,35,2023,45,2023-11-11,9607,18.2,1
Quebec,24,2023,45,2023-11-11,11815,19.9,1
Newfoundland and Labrador,10,2023,45,2023-11-11,519,21.8,1
New Brunswick,13,2023,45,2023-11-11,937,14.8,1
Nova Scotia,12,2023,45,2023-11-11,1435,23.8,1
Prince Edward Island,11,2023,45,2023-11-11,231,14.7,1
Yukon,60,2023,45,2023-11-11,52,11.5,1
Northwest Territories,61,2023,45,2023-11-11,25,8,1
Nunavut,62,2023,45,2023-11-11,108,11.1,1
Canada,1,2023,45,2023-11-11,38722,18.2,
British Columbia,59,2023,46,2023-11-18,3245,12.1,1
Alberta,48,2023,46,2023-11-18,6354,16,1
Saskatchewan,47,2023,46,2023-11-18,3009,13.7,1
Manitoba,46,2023,46,2023-11-18,1771,25,1
Ontario,35,2023,46,2023-11-18,10470,20.4,1
Quebec,24,2023,46,2023-11-18,13182,20.2,1
Newfoundland and Labrador,10,2023,46,2023-11-18,506,24.1,1
New Brunswick,13,2023,46,2023-11-18,1029,16.6,1
Nova Scotia,12,2023,46,2023-11-18,1466,26.7,1
Prince Edward Island,11,2023,46,2023-11-18,185,16.8,1
Yukon,60,2023,46,2023-11-18,67,6,1
Northwest Territories,61,2023,46,2023-11-18,22,4.5,1
Nunavut,62,2023,46,2023-11-18,126,4.8,1
Canada,1,2023,46,2023-11-18,41432,18.8,
British Columbia,59,2023,47,2023-11-25,3385,12,1
Alberta,48,2023,47,2023-11-25,6682,13.8,1
Saskatchewan,47,2023,47,2023-11-25,2983,15,1
Manitoba,46,2023,47,2023-11-25,1757,23.4,1
Ontario,35,2023,47,2023-11-25,10880,22.2,1
Quebec,24,2023,47,2023-11-25,12938,21.5,1
Newfoundland and Labrador,10,2023,47,2023-11-25,702,23.9,1
New Brunswick,13,2023,47,2023-11-25,1018,16.1,1
Nova Scotia,12,2023,47,2023-11-25,1514,26,1
Prince Edward Island,11,2023,47,2023-11-25,256,21.5,1
Yukon,60,2023,47,2023-11-25,64,4.7,1
Northwest Territories,61,2023,47,2023-11-25,22,4.5,1
Nunavut,62,2023,47,2023-11-25,103,7.8,1
Canada,1,2023,47,2023-11-25,42304,19.3,
British Columbia,59,2023,48,2023-12-02,3639,10.3,1
Alberta,48,2023,48,2023-12-02,7146,12,1
Saskatchewan,47,2023,48,2023-12-02,2912,11.2,1
Manitoba,46,2023,48,2023-12-02,1845,17,1
Ontario,35,2023,48,2023-12-02,11174,20.1,1
Quebec,24,2023,48,2023-12-02,14100,22.2,1
Newfoundland and Labrador,10,2023,48,2023-12-02,749,23.1,1
New Brunswick,13,2023,48,2023-12-02,1081,14.4,1
Nova Scotia,12,2023,48,2023-12-02,1476,26.9,1
Prince Edward Island,11,2023,48,2023-12-02,342,22.2,1
Yukon,60,2023,48,2023-12-02,45,4.4,1
Northwest Territories,61,2023,48,2023-12-02,43,7,1
Nunavut,62,2023,48,2023-12-02,161,8.7,1
Canada,1,2023,48,2023-12-02,44713,18,
British Columbia,59,2023,49,2023-12-09,4272,10.3,1
Alberta,48,2023,49,2023-12-09,7521,11.5,1
Saskatchewan,47,2023,49,2023-12-09,2876,12.6,1
Manitoba,46,2023,49,2023-12-09,2055,15.6,1
Ontario,35,2023,49,2023-12-09,11644,18.7,1
Quebec,24,2023,49,2023-12-09,14467,22.8,1
Newfoundland and Labrador,10,2023,49,2023-12-09,715,19.3,1
New Brunswick,13,2023,49,2023-12-09,1259,15.5,1
Nova Scotia,12,2023,49,2023-12-09,1442,24.5,1
Prince Edward Island,11,2023,49,2023-12-09,238,21,1
Yukon,60,2023,49,2023-12-09,55,7.3,1
Northwest Territories,61,2023,49,2023-12-09,56,7.1,1
Nunavut,62,2023,49,2023-12-09,276,6.9,1
Canada,1,2023,49,2023-12-09,46876,17.5,
British Columbia,59,2023,50,2023-12-16,3746,10.3,1
Alberta,48,2023,50,2023-12-16,7234,10.2,1
Saskatchewan,47,2023,50,2023-12-16,2729,10.8,1
Manitoba,46,2023,50,2023-12-16,2126,14.7,1
Ontario,35,2023,50,2023-12-16,12142,18.7,1
Quebec,24,2023,50,2023-12-16,15835,24,1
Newfoundland and Labrador,10,2023,50,2023-12-16,718,18,1
New Brunswick,13,2023,50,2023-12-16,1488,15.5,1
Nova Scotia,12,2023,50,2023-12-16,1625,22.6,1
Prince Edward Island,11,2023,50,2023-12-16,234,12.8,1
Yukon,60,2023,50,2023-12-16,45,13.3,1
Northwest Territories,61,2023,50,2023-12-16,72,4.2,1
Nunavut,62,2023,50,2023-12-16,221,5.4,1
Canada,1,2023,50,2023-12-16,48215,17.8,
British Columbia,59,2023,51,2023-12-23,3952,10.6,1
Alberta,48,2023,51,2023-12-23,6843,9.3,1
Saskatchewan,47,2023,51,2023-12-23,2444,9.7,1
Manitoba,46,2023,51,2023-12-23,2185,12,1
Ontario,35,2023,51,2023-12-23,11548,18.7,1
Quebec,24,2023,51,2023-12-23,16682,22.1,1
Newfoundland and Labrador,10,2023,51,2023-12-23,781,16,1
New Brunswick,13,2023,51,2023-12-23,1596,12,1
Nova Scotia,12,2023,51,2023-12-23,1713,20.1,1
Prince Edward Island,11,2023,51,2023-12-23,263,10.3,1
Yukon,60,2023,51,2023-12-23,62,14.5,1
Northwest Territories,61,2023,51,2023-12-23,64,1.6,1
Nunavut,62,2023,51,2023-12-23,239,10.9,1
Canada,1,2023,51,2023-12-23,48372,16.8,
British Columbia,59,2023,52,2023-12-30,4930,8.6,1
Alberta,48,2023,52,2023-12-30,6299,9.4,1
Saskatchewan,47,2023,52,2023-12-30,1899,11.3,1
Manitoba,46,2023,52,2023-12-30,2116,10.4,1
Ontario,35,2023,52,2023-12-30,11522,17.7,1
Quebec,24,2023,52,2023-12-30,15739,19.6,1
Newfoundland and Labrador,10,2023,52,2023-12-30,695,14,1
New Brunswick,13,2023,52,2023-12-30,1522,11.2,1
Nova Scotia,12,2023,52,2023-12-30,1672,18.5,1
Prince Edward Island,11,2023,52,2023-12-30,345,12.5,1
Yukon,60,2023,52,2023-12-30,53,7.5,1
Northwest Territories,61,2023,52,2023-12-30,64,1.6,1
Nunavut,62,2023,52,2023-12-30,141,5.7,1
Canada,1,2023,52,2023-12-30,46997,15.4,
British Columbia,59,2024,1,2024-01-06,5300,9.6,1
Alberta,48,2024,1,2024-01-06,6277,10.8,1
Saskatchewan,47,2024,1,2024-01-06,2357,10.8,1
Manitoba,46,2024,1,2024-01-06,1943,10,1
Ontario,35,2024,1,2024-01-06,11545,16.8,1
Quebec,24,2024,1,2024-01-06,15874,17.7,1
Newfoundland and Labrador,10,2024,1,2024-01-06,743,14.3,1
New Brunswick,13,2024,1,2024-01-06,1624,10,1
Nova Scotia,12,2024,1,2024-01-06,1732,15.8,1
Prince Edward Island,11,2024,1,2024-01-06,372,7,1
Yukon,60,2024,1,2024-01-06,64,23.4,1
Northwest Territories,61,2024,1,2024-01-06,77,3.9,1
Nunavut,62,2024,1,2024-01-06,152,2,1
Canada,1,2024,1,2024-01-06,48060,14.5,
British Columbia,59,2024,2,2024-01-13,4862,12.5,1
Alberta,48,2024,2,2024-01-13,5590,10.6,1
Saskatchewan,47,2024,2,2024-01-13,2079,9.9,1
Manitoba,46,2024,2,2024-01-13,1805,7.9,1
Ontario,35,2024,2,2024-01-13,11346,14.3,1
Quebec,24,2024,2,2024-01-13,13921,14.8,1
Newfoundland and Labrador,10,2024,2,2024-01-13,974,15,1
New Brunswick,13,2024,2,2024-01-13,1345,9,1
Nova Scotia,12,2024,2,2024-01-13,1684,14,1
Prince Edward Island,11,2024,2,2024-01-13,330,5.2,1
Yukon,60,2024,2,2024-01-13,51,9.8,1
Northwest Territories,61,2024,2,2024-01-13,74,8.1,1
Nunavut,62,2024,2,2024-01-13,127,3.9,1
Canada,1,2024,2,2024-01-13,44188,13,
British Columbia,59,2024,3,2024-01-20,4141,10.9,1
Alberta,48,2024,3,2024-01-20,5194,10,1
Saskatchewan,47,2024,3,2024-01-20,1837,11.5,1
Manitoba,46,2024,3,2024-01-20,1560,7.8,1
Ontario,35,2024,3,2024-01-20,9942,12.9,1
Quebec,24,2024,3,2024-01-20,11599,11.6,1
Newfoundland and Labrador,10,2024,3,2024-01-20,729,10.6,1
New Brunswick,13,2024,3,2024-01-20,1217,8.7,1
Nova Scotia,12,2024,3,2024-01-20,1559,13,1
Prince Edward Island,11,2024,3,2024-01-20,245,5.7,1
Yukon,60,2024,3,2024-01-20,44,6.8,1
Northwest Territories,61,2024,3,2024-01-20,38,2.6,1
Nunavut,62,2024,3,2024-01-20,85,3.5,1
Canada,1,2024,3,2024-01-20,38190,11.4,
British Columbia,59,2024,4,2024-01-27,4459,11.9,1
Alberta,48,2024,4,2024-01-27,5080,9.3,1
Saskatchewan,47,2024,4,2024-01-27,1723,8.9,1
Manitoba,46,2024,4,2024-01-27,1555,7.7,1
Ontario,35,2024,4,2024-01-27,9238,11.4,1
Quebec,24,2024,4,2024-01-27,11052,9.8,1
Newfoundland and Labrador,10,2024,4,2024-01-27,832,6.6,1
New Brunswick,13,2024,4,2024-01-27,1131,9.2,1
Nova Scotia,12,2024,4,2024-01-27,1563,12,1
Prince Edward Island,11,2024,4,2024-01-27,258,5,1
Yukon,60,2024,4,2024-01-27,59,1.7,1
Northwest Territories,61,2024,4,2024-01-27,44,4.5,1
Nunavut,62,2024,4,2024-01-27,95,5.3,1
Canada,1,2024,4,2024-01-27,37089,10.2,
British Columbia,59,2024,5,2024-02-03,4420,10.6,1
Alberta,48,2024,5,2024-02-03,4970,10.4,1
Saskatchewan,47,2024,5,2024-02-03,1814,8.1,1
Manitoba,46,2024,5,2024-02-03,1481,8.5,1
Ontario,35,2024,5,2024-02-03,9011,9.8,1
Quebec,24,2024,5,2024-02-03,10995,8.6,1
Newfoundland and Labrador,10,2024,5,2024-02-03,843,9,1
New Brunswick,13,2024,5,2024-02-03,1224,8.7,1
Nova Scotia,12,2024,5,2024-02-03,1585,9.3,1
Prince Edward Island,11,2024,5,2024-02-03,256,4.7,1
Yukon,60,2024,5,2024-02-03,60,13.3,1
Northwest Territories,61,2024,5,2024-02-03,36,2.8,1
Nunavut,62,2024,5,2024-02-03,76,1.3,1
Canada,1,2024,5,2024-02-03,36771,9.3,
British Columbia,59,2024,6,2024-02-10,3940,10.7,1
Alberta,48,2024,6,2024-02-10,4855,9.9,1
Saskatchewan,47,2024,6,2024-02-10,1704,10.3,1
Manitoba,46,2024,6,2024-02-10,1483,10.7,1
Ontario,35,2024,6,2024-02-10,8519,8.5,1
Quebec,24,2024,6,2024-02-10,10544,7.3,1
Newfoundland and Labrador,10,2024,6,2024-02-10,757,9.1,1
New Brunswick,13,2024,6,2024-02-10,1174,8.6,1
Nova Scotia,12,2024,6,2024-02-10,1368,9.7,1
Prince Edward Island,11,2024,6,2024-02-10,200,2.5,1
Yukon,60,2024,6,2024-02-10,45,8.9,1
Northwest Territories,61,2024,6,2024-02-10,31,9.7,1
Nunavut,62,2024,6,2024-02-10,120,5.8,1
Canada,1,2024,6,2024-02-10,34740,8.8,
British Columbia,59,2024,7,2024-02-17,3722,11,1
Alberta,48,2024,7,2024-02-17,4818,9,1
Saskatchewan,47,2024,7,2024-02-17,1731,8.5,1
Manitoba,46,2024,7,2024-02-17,1472,10.9,1
Ontario,35,2024,7,2024-02-17,8901,7.5,1
Quebec,24,2024,7,2024-02-17,11071,6.6,1
Newfoundland and Labrador,10,2024,7,2024-02-17,684,9.2,1
New Brunswick,13,2024,7,2024-02-17,1123,8.2,1
Nova Scotia,12,2024,7,2024-02-17,1185,9.9,1
Prince Edward Island,11,2024,7,2024-02-17,193,6.2,1
Yukon,60,2024,7,2024-02-17,53,13.2,1
Northwest Territories,61,2024,7,2024-02-17,36,0,1
Nunavut,62,2024,7,2024-02-17,109,6.4,1
Canada,1,2024,7,2024-02-17,35098,8.1,
British Columbia,59,2024,8,2024-02-24,3872,12.4,1
Alberta,48,2024,8,2024-02-24,4755,7.6,1
Saskatchewan,47,2024,8,2024-02-24,1769,9.3,1
Manitoba,46,2024,8,2024-02-24,1366,11.6,1
Ontario,35,2024,8,2024-02-24,8077,6.8,1
Quebec,24,2024,8,2024-02-24,10925,5.1,1
Newfoundland and Labrador,10,2024,8,2024-02-24,584,5.8,1
New Brunswick,13,2024,8,2024-02-24,1128,7.7,1
Nova Scotia,12,2024,8,2024-02-24,1205,9.5,1
Prince Edward Island,11,2024,8,2024-02-24,181,10.5,1
Yukon,60,2024,8,2024-02-24,71,14.1,1
Northwest Territories,61,2024,8,2024-02-24,59,3.4,1
Nunavut,62,2024,8,2024-02-24,153,11.1,1
Canada,1,2024,8,2024-02-24,34145,7.5,
British Columbia,59,2024,9,2024-03-02,3972,11.8,1
Alberta,48,2024,9,2024-03-02,4681,7.6,1
Saskatchewan,47,2024,9,2024-03-02,1689,8.1,1
Manitoba,46,2024,9,2024-03-02,1462,11.3,1
Ontario,35,2024,9,2024-03-02,8299,6.2,1
Quebec,24,2024,9,2024-03-02,10468,4.9,1
Newfoundland and Labrador,10,2024,9,2024-03-02,530,7.5,1
New Brunswick,13,2024,9,2024-03-02,1086,6.9,1
Nova Scotia,12,2024,9,2024-03-02,1156,7.6,1
Prince Edward Island,11,2024,9,2024-03-02,220,3.2,1
Yukon,60,2024,9,2024-03-02,54,3.7,1
Northwest Territories,61,2024,9,2024-03-02,44,6.8,1
Nunavut,62,2024,9,2024-03-02,119,7.6,1
Canada,1,2024,9,2024-03-02,33780,7,
British Columbia,59,2024,10,2024-03-09,3860,12.3,1
Alberta,48,2024,10,2024-03-09,4775,6.6,1
Saskatchewan,47,2024,10,2024-03-09,1609,6.8,1
Manitoba,46,2024,10,2024-03-09,1461,12.5,1
Ontario,35,2024,10,2024-03-09,7884,4.7,1
Quebec,24,2024,10,2024-03-09,9479,3.5,1
Newfoundland and Labrador,10,2024,10,2024-03-09,457,6.3,1
New Brunswick,13,2024,10,2024-03-09,1265,5.8,1
Nova Scotia,12,2024,10,2024-03-09,1167,10.1,1
Prince Edward Island,11,2024,10,2024-03-09,223,4.5,1
Yukon,60,2024,10,2024-03-09,38,7.9,1
Northwest Territories,61,2024,10,2024-03-09,66,4.5,1
Nunavut,62,2024,10,2024-03-09,200,6.5,1
Canada,1,2024,10,2024-03-09,32484,6.2,
British Columbia,59,2024,11,2024-03-16,3904,11.6,1
Alberta,48,2024,11,2024-03-16,4519,6.3,1
Saskatchewan,47,2024,11,2024-03-16,1727,6,1
Manitoba,46,2024,11,2024-03-16,1549,12.1,1
Ontario,35,2024,11,2024-03-16,7702,5.5,1
Quebec,24,2024,11,2024-03-16,9376,3,1
Newfoundland and Labrador,10,2024,11,2024-03-16,565,6.5,1
New Brunswick,13,2024,11,2024-03-16,1200,3.8,1
Nova Scotia,12,2024,11,2024-03-16,1306,9.7,1
Prince Edward Island,11,2024,11,2024-03-16,275,7.6,1
Yukon,60,2024,11,2024-03-16,46,4.3,1
Northwest Territories,61,2024,11,2024-03-16,33,3,1
Nunavut,62,2024,11,2024-03-16,214,8.9,1
Canada,1,2024,11,2024-03-16,32416,6.1,
British Columbia,59,2024,12,2024-03-23,3552,9.8,1
Alberta,48,2024,12,2024-03-23,4562,5.7,1
Saskatchewan,47,2024,12,2024-03-23,1605,5,1
Manitoba,46,2024,12,2024-03-23,1380,8.9,1
Ontario,35,2024,12,2024-03-23,7772,4.3,1
Quebec,24,2024,12,2024-03-23,8609,2.3,1
Newfoundland and Labrador,10,2024,12,2024-03-23,523,9.4,1
New Brunswick,13,2024,12,2024-03-23,1114,5.5,1
Nova Scotia,12,2024,12,2024-03-23,1265,8.5,1
Prince Edward Island,11,2024,12,2024-03-23,304,9.9,1
Yukon,60,2024,12,2024-03-23,33,6.1,1
Northwest Territories,61,2024,12,2024-03-23,40,5,1
Nunavut,62,2024,12,2024-03-23,232,5.2,1
Canada,1,2024,12,2024-03-23,30991,5.2,
British Columbia,59,2024,13,2024-03-30,3450,9.2,1
Alberta,48,2024,13,2024-03-30,4487,4.6,1
Saskatchewan,47,2024,13,2024-03-30,1750,4.8,1
Manitoba,46,2024,13,2024-03-30,1280,6.6,1
Ontario,35,2024,13,2024-03-30,6962,4.3,1
Quebec,24,2024,13,2024-03-30,8537,2.7,1
Newfoundland and Labrador,10,2024,13,2024-03-30,533,11.1,1
New Brunswick,13,2024,13,2024-03-30,867,4.5,1
Nova Scotia,12,2024,13,2024-03-30,1217,6.7,1
Prince Edward Island,11,2024,13,2024-03-30,214,7,1
Yukon,60,2024,13,2024-03-30,31,0,1
Northwest Territories,61,2024,13,2024-03-30,25,12,1
Nunavut,62,2024,13,2024-03-30,216,7.9,1
Canada,1,2024,13,2024-03-30,29569,4.9,
British Columbia,59,2024,14,2024-04-06,3303,10.5,1
Alberta,48,2024,14,2024-04-06,4400,3.7,1
Saskatchewan,47,2024,14,2024-04-06,1613,4.8,1
Manitoba,46,2024,14,2024-04-06,1325,6.5,1
Ontario,35,2024,14,2024-04-06,7100,4.6,1
Quebec,24,2024,14,2024-04-06,8696,2.4,1
Newfoundland and Labrador,10,2024,14,2024-04-06,557,8.6,1
New Brunswick,13,2024,14,2024-04-06,975,4.3,1
Nova Scotia,12,2024,14,2024-04-06,1278,6.5,1
Prince Edward Island,11,2024,14,2024-04-06,154,3.2,1
Yukon,60,2024,14,2024-04-06,57,1.8,1
Northwest Territories,61,2024,14,2024-04-06,35,2.9,1
Nunavut,62,2024,14,2024-04-06,181,6.6,1
Canada,1,2024,14,2024-04-06,29674,4.7,
British Columbia,59,2024,15,2024-04-13,2987,9.2,1
Alberta,48,2024,15,2024-04-13,4223,4.7,1
Saskatchewan,47,2024,15,2024-04-13,1682,4.7,1
Manitoba,46,2024,15,2024-04-13,1355,8.1,1
Ontario,35,2024,15,2024-04-13,6878,5.2,1
Quebec,24,2024,15,2024-04-13,8694,2.3,1
Newfoundland and Labrador,10,2024,15,2024-04-13,593,13,1
New Brunswick,13,2024,15,2024-04-13,1013,3.7,1
Nova Scotia,12,2024,15,2024-04-13,1464,5.9,1
Prince Edward Island,11,2024,15,2024-04-13,173,3.5,1
Yukon,60,2024,15,2024-04-13,38,2.6,1
Northwest Territories,61,2024,15,2024-04-13,29,3.4,1
Nunavut,62,2024,15,2024-04-13,203,6.9,1
Canada,1,2024,15,2024-04-13,29332,4.9,
British Columbia,59,2024,16,2024-04-20,3017,9,1
Alberta,48,2024,16,2024-04-20,4008,5,1
Saskatchewan,47,2024,16,2024-04-20,1347,3.7,1
Manitoba,46,2024,16,2024-04-20,1260,7.5,1
Ontario,35,2024,16,2024-04-20,6469,4.6,1
Quebec,24,2024,16,2024-04-20,7913,2.4,1
Newfoundland and Labrador,10,2024,16,2024-04-20,582,12,1
New Brunswick,13,2024,16,2024-04-20,955,4,1
Nova Scotia,12,2024,16,2024-04-20,1325,6,1
Prince Edward Island,11,2024,16,2024-04-20,108,4.6,1
Yukon,60,2024,16,2024-04-20,41,0,1
Northwest Territories,61,2024,16,2024-04-20,29,0,1
Nunavut,62,2024,16,2024-04-20,164,7.9,1
Canada,1,2024,16,2024-04-20,27218,4.8,
British Columbia,59,2024,17,2024-04-27,2961,9.3,1
Alberta,48,2024,17,2024-04-27,4265,5.4,1
Saskatchewan,47,2024,17,2024-04-27,1285,4.6,1
Manitoba,46,2024,17,2024-04-27,1284,5.5,1
Ontario,35,2024,17,2024-04-27,6117,5.5,1
Quebec,24,2024,17,2024-04-27,7721,3.5,1
Newfoundland and Labrador,10,2024,17,2024-04-27,617,14.1,1
New Brunswick,13,2024,17,2024-04-27,870,4,1
Nova Scotia,12,2024,17,2024-04-27,1155,7.3,1
Prince Edward Island,11,2024,17,2024-04-27,148,2.7,1
Yukon,60,2024,17,2024-04-27,29,3.4,1
Northwest Territories,61,2024,17,2024-04-27,25,8,1
Nunavut,62,2024,17,2024-04-27,184,9.2,1
Canada,1,2024,17,2024-04-27,26661,5.5,
British Columbia,59,2024,18,2024-05-04,3198,10.6,1
Alberta,48,2024,18,2024-05-04,4245,6.9,1
Saskatchewan,47,2024,18,2024-05-04,1420,5.4,1
Manitoba,46,2024,18,2024-05-04,1147,6.5,1
Ontario,35,2024,18,2024-05-04,6486,8,1
Quebec,24,2024,18,2024-05-04,7595,3.5,1
Newfoundland and Labrador,10,2024,18,2024-05-04,685,9.5,1
New Brunswick,13,2024,18,2024-05-04,846,2.8,1
Nova Scotia,12,2024,18,2024-05-04,1285,6.2,1
Prince Edward Island,11,2024,18,2024-05-04,168,4.2,1
Yukon,60,2024,18,2024-05-04,34,17.6,1
Northwest Territories,61,2024,18,2024-05-04,18,0,1
Nunavut,62,2024,18,2024-05-04,187,14.4,1
Canada,1,2024,18,2024-05-04,27314,6.5,
British Columbia,59,2024,19,2024-05-11,3142,13.1,1
Alberta,48,2024,19,2024-05-11,4198,6.8,1
Saskatchewan,47,2024,19,2024-05-11,1243,4.2,1
Manitoba,46,2024,19,2024-05-11,1217,9.9,1
Ontario,35,2024,19,2024-05-11,6071,7.8,1
Quebec,24,2024,19,2024-05-11,7355,4.9,1
Newfoundland and Labrador,10,2024,19,2024-05-11,633,12,1
New Brunswick,13,2024,19,2024-05-11,769,3.5,1
Nova Scotia,12,2024,19,2024-05-11,1244,8.4,1
Prince Edward Island,11,2024,19,2024-05-11,142,5.6,1
Yukon,60,2024,19,2024-05-11,45,2.2,1
Northwest Territories,61,2024,19,2024-05-11,10,0,1
Nunavut,62,2024,19,2024-05-11,178,15.2,1
Canada,1,2024,19,2024-05-11,26247,7.4,
British Columbia,59,2024,20,2024-05-18,2982,12.2,1
Alberta,48,2024,20,2024-05-18,4010,7.9,1
Saskatchewan,47,2024,20,2024-05-18,1158,6.5,1
Manitoba,46,2024,20,2024-05-18,1138,9.2,1
Ontario,35,2024,20,2024-05-18,5798,8.8,1
Quebec,24,2024,20,2024-05-18,7113,6.2,1
Newfoundland and Labrador,10,2024,20,2024-05-18,849,11.1,1
New Brunswick,13,2024,20,2024-05-18,792,3.9,1
Nova Scotia,12,2024,20,2024-05-18,1100,10.2,1
Prince Edward Island,11,2024,20,2024-05-18,87,4.6,1
Yukon,60,2024,20,2024-05-18,44,6.8,1
Northwest Territories,61,2024,20,2024-05-18,22,0,1
Nunavut,62,2024,20,2024-05-18,166,5.4,1
Canada,1,2024,20,2024-05-18,25259,8.2,
British Columbia,59,2024,21,2024-05-25,2910,10.9,1
Alberta,48,2024,21,2024-05-25,3852,9.9,1
Saskatchewan,47,2024,21,2024-05-25,1118,5.8,1
Manitoba,46,2024,21,2024-05-25,1015,4.9,1
Ontario,35,2024,21,2024-05-25,5434,8,1
Quebec,24,2024,21,2024-05-25,6510,6.3,1
Newfoundland and Labrador,10,2024,21,2024-05-25,798,9.5,1
New Brunswick,13,2024,21,2024-05-25,709,4.4,1
Nova Scotia,12,2024,21,2024-05-25,1103,8.3,1
Prince Edward Island,11,2024,21,2024-05-25,121,10.7,1
Yukon,60,2024,21,2024-05-25,35,0,1
Northwest Territories,61,2024,21,2024-05-25,17,11.8,1
Nunavut,62,2024,21,2024-05-25,167,3.6,1
Canada,1,2024,21,2024-05-25,23789,7.9,
British Columbia,59,2024,22,2024-06-01,2843,11.2,1
Alberta,48,2024,22,2024-06-01,3799,10.4,1
Saskatchewan,47,2024,22,2024-06-01,1070,7.2,1
Manitoba,46,2024,22,2024-06-01,990,8.5,1
Ontario,35,2024,22,2024-06-01,5462,7,1
Quebec,24,2024,22,2024-06-01,6091,8.1,1
Newfoundland and Labrador,10,2024,22,2024-06-01,700,12.1,1
New Brunswick,13,2024,22,2024-06-01,814,3.8,1
Nova Scotia,12,2024,22,2024-06-01,950,7.1,1
Prince Edward Island,11,2024,22,2024-06-01,113,6.2,1
Yukon,60,2024,22,2024-06-01,42,2.4,1
Northwest Territories,61,2024,22,2024-06-01,21,4.8,1
Nunavut,62,2024,22,2024-06-01,155,4.5,1
Canada,1,2024,22,2024-06-01,23050,8.5,
British Columbia,59,2024,23,2024-06-08,2894,14.9,1
Alberta,48,2024,23,2024-06-08,3875,11.9,1
Saskatchewan,47,2024,23,2024-06-08,1144,7.6,1
Manitoba,46,2024,23,2024-06-08,977,8.9,1
Ontario,35,2024,23,2024-06-08,5480,6.9,1
Quebec,24,2024,23,2024-06-08,6089,8.7,1
Newfoundland and Labrador,10,2024,23,2024-06-08,669,14.2,1
New Brunswick,13,2024,23,2024-06-08,762,5.1,1
Nova Scotia,12,2024,23,2024-06-08,1030,11.5,1
Prince Edward Island,11,2024,23,2024-06-08,104,13.5,1
Yukon,60,2024,23,2024-06-08,36,19.4,1
Northwest Territories,61,2024,23,2024-06-08,16,0,1
Nunavut,62,2024,23,2024-06-08,170,7.1,1
Canada,1,2024,23,2024-06-08,23246,9.7,
British Columbia,59,2024,24,2024-06-15,2888,14.7,1
Alberta,48,2024,24,2024-06-15,3795,10.9,1
Saskatchewan,47,2024,24,2024-06-15,1103,9.5,1
Manitoba,46,2024,24,2024-06-15,899,11.8,1
Ontario,35,2024,24,2024-06-15,5094,7.6,1
Quebec,24,2024,24,2024-06-15,5907,9.2,1
Newfoundland and Labrador,10,2024,24,2024-06-15,570,16,1
New Brunswick,13,2024,24,2024-06-15,698,4.3,1
Nova Scotia,12,2024,24,2024-06-15,910,8.4,1
Prince Edward Island,11,2024,24,2024-06-15,73,13.7,1
Yukon,60,2024,24,2024-06-15,65,33.8,1
Northwest Territories,61,2024,24,2024-06-15,19,15.8,1
Nunavut,62,2024,24,2024-06-15,121,7.4,1
Canada,1,2024,24,2024-06-15,22142,10,
British Columbia,59,2024,25,2024-06-22,2978,14.6,1
Alberta,48,2024,25,2024-06-22,3486,11.3,1
Saskatchewan,47,2024,25,2024-06-22,1164,10.7,1
Manitoba,46,2024,25,2024-06-22,957,7.4,1
Ontario,35,2024,25,2024-06-22,5014,8.1,1
Quebec,24,2024,25,2024-06-22,6396,11.4,1
Newfoundland and Labrador,10,2024,25,2024-06-22,517,15.1,1
New Brunswick,13,2024,25,2024-06-22,697,4.3,1
Nova Scotia,12,2024,25,2024-06-22,786,7.8,1
Prince Edward Island,11,2024,25,2024-06-22,83,6,1
Yukon,60,2024,25,2024-06-22,67,20.9,1
Northwest Territories,61,2024,25,2024-06-22,23,13,1
Nunavut,62,2024,25,2024-06-22,113,3.5,1
Canada,1,2024,25,2024-06-22,22281,10.6,
British Columbia,59,2024,26,2024-06-29,2894,15.9,1
Alberta,48,2024,26,2024-06-29,3362,12.1,1
Saskatchewan,47,2024,26,2024-06-29,1092,13.6,1
Manitoba,46,2024,26,2024-06-29,890,10.3,1
Ontario,35,2024,26,2024-06-29,5114,8.8,1
Quebec,24,2024,26,2024-06-29,6241,11.5,1
Newfoundland and Labrador,10,2024,26,2024-06-29,502,14.7,1
New Brunswick,13,2024,26,2024-06-29,679,6.5,1
Nova Scotia,12,2024,26,2024-06-29,877,9.1,1
Prince Edward Island,11,2024,26,2024-06-29,80,27.5,1
Yukon,60,2024,26,2024-06-29,56,10.7,1
Northwest Territories,61,2024,26,2024-06-29,19,5.3,1
Nunavut,62,2024,26,2024-06-29,119,5.9,1
Canada,1,2024,26,2024-06-29,21925,11.5,
British Columbia,59,2024,27,2024-07-06,2797,17.2,1
Alberta,48,2024,27,2024-07-06,3566,10.9,1
Saskatchewan,47,2024,27,2024-07-06,1234,13.6,1
Manitoba,46,2024,27,2024-07-06,830,8.2,1
Ontario,35,2024,27,2024-07-06,5011,9.4,1
Quebec,24,2024,27,2024-07-06,6476,13.6,1
Newfoundland and Labrador,10,2024,27,2024-07-06,544,15.4,1
New Brunswick,13,2024,27,2024-07-06,746,7.8,1
Nova Scotia,12,2024,27,2024-07-06,893,9.6,1
Prince Edward Island,11,2024,27,2024-07-06,132,18.2,1
Yukon,60,2024,27,2024-07-06,40,17.5,1
Northwest Territories,61,2024,27,2024-07-06,29,6.9,1
Nunavut,62,2024,27,2024-07-06,88,6.8,1
Canada,1,2024,27,2024-07-06,22386,12.2,
British Columbia,59,2024,28,2024-07-13,2823,18.4,1
Alberta,48,2024,28,2024-07-13,3710,9.2,1
Saskatchewan,47,2024,28,2024-07-13,1209,12.2,1
Manitoba,46,2024,28,2024-07-13,800,8,1
Ontario,35,2024,28,2024-07-13,5409,11.2,1
Quebec,24,2024,28,2024-07-13,7123,14.5,1
Newfoundland and Labrador,10,2024,28,2024-07-13,537,16.2,1
New Brunswick,13,2024,28,2024-07-13,803,8.1,1
Nova Scotia,12,2024,28,2024-07-13,893,15.3,1
Prince Edward Island,11,2024,28,2024-07-13,118,11.9,1
Yukon,60,2024,28,2024-07-13,29,13.8,1
Northwest Territories,61,2024,28,2024-07-13,30,16.7,1
Nunavut,62,2024,28,2024-07-13,74,2.7,1
Canada,1,2024,28,2024-07-13,23558,12.9,
British Columbia,59,2024,29,2024-07-20,2592,17,1
Alberta,48,2024,29,2024-07-20,3290,11.2,1
Saskatchewan,47,2024,29,2024-07-20,1054,11.5,1
Manitoba,46,2024,29,2024-07-20,949,14.9,1
Ontario,35,2024,29,2024-07-20,5333,11,1
Quebec,24,2024,29,2024-07-20,7517,17.2,1
Newfoundland and Labrador,10,2024,29,2024-07-20,560,16.6,1
New Brunswick,13,2024,29,2024-07-20,824,9.5,1
Nova Scotia,12,2024,29,2024-07-20,919,12.2,1
Prince Edward Island,11,2024,29,2024-07-20,224,11.2,1
Yukon,60,2024,29,2024-07-20,37,10.8,1
Northwest Territories,61,2024,29,2024-07-20,27,18.5,1
Nunavut,62,2024,29,2024-07-20,76,2.6,1
Canada,1,2024,29,2024-07-20,23402,14,
British Columbia,59,2024,30,2024-07-27,2530,15.1,1
Alberta,48,2024,30,2024-07-27,3141,10.9,1
Saskatchewan,47,2024,30,2024-07-27,1006,8.9,1
Manitoba,46,2024,30,2024-07-27,1021,14.7,1
Ontario,35,2024,30,2024-07-27,5611,12.2,1
Quebec,24,2024,30,2024-07-27,7925,17.6,1
Newfoundland and Labrador,10,2024,30,2024-07-27,430,17.4,1
New Brunswick,13,2024,30,2024-07-27,788,10.4,1
Nova Scotia,12,2024,30,2024-07-27,912,11.8,1
Prince Edward Island,11,2024,30,2024-07-27,100,24,1
Yukon,60,2024,30,2024-07-27,35,17.1,1
Northwest Territories,61,2024,30,2024-07-27,19,21.1,1
Nunavut,62,2024,30,2024-07-27,72,6.9,1
Canada,1,2024,30,2024-07-27,23590,14.2,
British Columbia,59,2024,31,2024-08-03,2646,18.1,1
Alberta,48,2024,31,2024-08-03,3219,11.3,1
Saskatchewan,47,2024,31,2024-08-03,1001,10.3,1
Manitoba,46,2024,31,2024-08-03,1048,14.3,1
Ontario,35,2024,31,2024-08-03,5277,13.5,1
Quebec,24,2024,31,2024-08-03,8404,19.7,1
Newfoundland and Labrador,10,2024,31,2024-08-03,497,14.3,1
New Brunswick,13,2024,31,2024-08-03,824,11.7,1
Nova Scotia,12,2024,31,2024-08-03,895,15.6,1
Prince Edward Island,11,2024,31,2024-08-03,117,8.5,1
Yukon,60,2024,31,2024-08-03,38,15.8,1
Northwest Territories,61,2024,31,2024-08-03,22,22.7,1
Nunavut,62,2024,31,2024-08-03,76,5.3,1
Canada,1,2024,31,2024-08-03,24064,15.8,
British Columbia,59,2024,32,2024-08-10,2477,15.9,1
Alberta,48,2024,32,2024-08-10,3171,10.4,1
Saskatchewan,47,2024,32,2024-08-10,1014,10.7,1
Manitoba,46,2024,32,2024-08-10,1024,16.8,1
Ontario,35,2024,32,2024-08-10,5600,12.8,1
Quebec,24,2024,32,2024-08-10,8116,18.1,1
Newfoundland and Labrador,10,2024,32,2024-08-10,532,14.8,1
New Brunswick,13,2024,32,2024-08-10,832,10.1,1
Nova Scotia,12,2024,32,2024-08-10,1039,16.3,1
Prince Edward Island,11,2024,32,2024-08-10,120,20.8,1
Yukon,60,2024,32,2024-08-10,43,16.3,1
Northwest Territories,61,2024,32,2024-08-10,27,7.4,1
Nunavut,62,2024,32,2024-08-10,94,3.2,1
Canada,1,2024,32,2024-08-10,24089,14.8,
British Columbia,59,2024,33,2024-08-17,2533,16.8,1
Alberta,48,2024,33,2024-08-17,3112,9.5,1
Saskatchewan,47,2024,33,2024-08-17,1108,13.4,1
Manitoba,46,2024,33,2024-08-17,1041,14.5,1
Ontario,35,2024,33,2024-08-17,6272,13.1,1
Quebec,24,2024,33,2024-08-17,8521,20.4,1
Newfoundland and Labrador,10,2024,33,2024-08-17,498,10.8,1
New Brunswick,13,2024,33,2024-08-17,884,11.3,1
Nova Scotia,12,2024,33,2024-08-17,1076,16.7,1
Prince Edward Island,11,2024,33,2024-08-17,174,22.4,1
Yukon,60,2024,33,2024-08-17,42,9.5,1
Northwest Territories,61,2024,33,2024-08-17,30,16.7,1
Nunavut,62,2024,33,2024-08-17,118,3.4,1
Canada,1,2024,33,2024-08-17,25409,15.6,
British Columbia,59,2024,34,2024-08-24,2623,17.9,1
Alberta,48,2024,34,2024-08-24,3213,9.5,1
Saskatchewan,47,2024,34,2024-08-24,1128,12.1,1
Manitoba,46,2024,34,2024-08-24,1121,15.3,1
Ontario,35,2024,34,2024-08-24,6120,15.7,1
Quebec,24,2024,34,2024-08-24,8755,21.1,1
Newfoundland and Labrador,10,2024,34,2024-08-24,580,11.4,1
New Brunswick,13,2024,34,2024-08-24,966,12.6,1
Nova Scotia,12,2024,34,2024-08-24,1069,22.9,1
Prince Edward Island,11,2024,34,2024-08-24,156,14.1,1
Yukon,60,2024,34,2024-08-24,39,5.1,1
Northwest Territories,61,2024,34,2024-08-24,31,9.7,1
Nunavut,62,2024,34,2024-08-24,94,9.6,1
Canada,1,2024,34,2024-08-24,25895,16.8,
British Columbia,59,2024,35,2024-08-31,2571,18.8,1
Alberta,48,2024,35,2024-08-31,3142,10.2,1
Saskatchewan,47,2024,35,2024-08-31,1091,12,1
Manitoba,46,2024,35,2024-08-31,1095,17.2,1
Ontario,35,2024,35,2024-08-31,6459,15.4,1
Quebec,24,2024,35,2024-08-31,9440,22.7,1
Newfoundland and Labrador,10,2024,35,2024-08-31,523,13.2,1
New Brunswick,13,2024,35,2024-08-31,1073,16.8,1
Nova Scotia,12,2024,35,2024-08-31,1198,20.6,1
Prince Edward Island,11,2024,35,2024-08-31,139,15.8,1
Yukon,60,2024,35,2024-08-31,46,21.7,1
Northwest Territories,61,2024,35,2024-08-31,26,30.8,1
Nunavut,62,2024,35,2024-08-31,107,4.7,1
Canada,1,2024,35,2024-08-31,26910,17.9,
British Columbia,59,2024,36,2024-09-07,2807,19.1,1
Alberta,48,2024,36,2024-09-07,3291,12,1
Saskatchewan,47,2024,36,2024-09-07,1140,13.2,1
Manitoba,46,2024,36,2024-09-07,1136,18.9,1
Ontario,35,2024,36,2024-09-07,5813,16.4,1
Quebec,24,2024,36,2024-09-07,9733,22.4,1
Newfoundland and Labrador,10,2024,36,2024-09-07,511,14.5,1
New Brunswick,13,2024,36,2024-09-07,1064,16.5,1
Nova Scotia,12,2024,36,2024-09-07,1205,18.9,1
Prince Edward Island,11,2024,36,2024-09-07,123,20.3,1
Yukon,60,2024,36,2024-09-07,33,18.2,1
Northwest Territories,61,2024,36,2024-09-07,42,23.8,1
Nunavut,62,2024,36,2024-09-07,91,5.5,1
Canada,1,2024,36,2024-09-07,26989,18.4,
British Columbia,59,2024,37,2024-09-14,2924,18.9,1
Alberta,48,2024,37,2024-09-14,3571,11.6,1
Saskatchewan,47,2024,37,2024-09-14,1305,12.8,1
Manitoba,46,2024,37,2024-09-14,1118,16.4,1
Ontario,35,2024,37,2024-09-14,7089,18.3,1
Quebec,24,2024,37,2024-09-14,10850,22.3,1
Newfoundland and Labrador,10,2024,37,2024-09-14,566,15.7,1
New Brunswick,13,2024,37,2024-09-14,1158,17.1,1
Nova Scotia,12,2024,37,2024-09-14,1331,18,1
Prince Edward Island,11,2024,37,2024-09-14,130,12.3,1
Yukon,60,2024,37,2024-09-14,56,23.2,1
Northwest Territories,61,2024,37,2024-09-14,37,18.9,1
Nunavut,62,2024,37,2024-09-14,97,9.3,1
Canada,1,2024,37,2024-09-14,30232,18.5,
British Columbia,59,2024,38,2024-09-21,2178,16.5,1
Alberta,48,2024,38,2024-09-21,3919,12,1
Saskatchewan,47,2024,38,2024-09-21,1324,13.4,1
Manitoba,46,2024,38,2024-09-21,1105,18,1
Ontario,35,2024,38,2024-09-21,7047,18.5,1
Quebec,24,2024,38,2024-09-21,11264,22.9,1
Newfoundland and Labrador,10,2024,38,2024-09-21,775,13,1
New Brunswick,13,2024,38,2024-09-21,1272,16,1
Nova Scotia,12,2024,38,2024-09-21,1339,20.8,1
Prince Edward Island,11,2024,38,2024-09-21,136,11,1
Yukon,60,2024,38,2024-09-21,50,8,1
Northwest Territories,61,2024,38,2024-09-21,47,12.8,1
Nunavut,62,2024,38,2024-09-21,111,9,1
Canada,1,2024,38,2024-09-21,30567,18.7,